{"stats":{"minecraft:crafted":{"minecraft:cookie":90,"minecraft:oak_planks":92,"minecraft:emerald":17,"minecraft:cooked_porkchop":1,"minecraft:crafting_table":3,"minecraft:wooden_pickaxe":3,"minecraft:furnace":2,"minecraft:fletching_table":1,"minecraft:bucket":1,"minecraft:stone_axe":2,"minecraft:cooked_mutton":2,"minecraft:air":0,"minecraft:apple":36,"minecraft:shield":1,"minecraft:stick":80,"minecraft:iron_ingot":3,"minecraft:iron_pickaxe":1,"minecraft:stone_pickaxe":3,"minecraft:stone_hoe":1,"minecraft:wheat":414},"minecraft:used":{"minecraft:cooked_mutton":3,"minecraft:water_bucket":74,"minecraft:stone_pickaxe":55,"minecraft:oak_planks":6,"minecraft:wooden_pickaxe":17,"minecraft:shield":11,"minecraft:composter":2,"minecraft:sugar_cane":8,"minecraft:bell":5,"minecraft:fletching_table":1,"minecraft:rotten_flesh":2,"minecraft:stone_hoe":49,"minecraft:oak_door":1,"minecraft:cookie":29,"minecraft:dirt":5,"minecraft:mutton":2,"minecraft:crafting_table":7,"minecraft:blast_furnace":1,"minecraft:carrot":6,"minecraft:white_bed":1,"minecraft:apple":3,"minecraft:lava_bucket":1,"minecraft:bread":6,"minecraft:iron_pickaxe":147,"minecraft:iron_helmet":2,"minecraft:gravel":7,"minecraft:stone_axe":99,"minecraft:light_gray_wool":2,"minecraft:diamond_sword":27,"minecraft:magma_block":1,"minecraft:cobblestone":87,"minecraft:hay_block":3,"minecraft:furnace":3,"minecraft:cooked_porkchop":1,"minecraft:bucket":77,"minecraft:yellow_bed":11,"minecraft:egg":4,"minecraft:cooked_beef":1,"minecraft:iron_leggings":2},"minecraft:custom":{"minecraft:interact_with_furnace":12,"minecraft:mob_kills":33,"minecraft:traded_with_villager":31,"minecraft:interact_with_crafting_table":16,"minecraft:bell_ring":80,"minecraft:leave_game":6,"minecraft:time_since_death":6895,"minecraft:sleep_in_bed":6,"minecraft:climb_one_cm":1524,"minecraft:time_since_rest":6917,"minecraft:sprint_one_cm":277112,"minecraft:damage_taken":2258,"minecraft:walk_one_cm":198258,"minecraft:damage_blocked_by_shield":420,"minecraft:drop":69,"minecraft:damage_dealt":5708,"minecraft:swim_one_cm":90098,"minecraft:talked_to_villager":16,"minecraft:fly_one_cm":609594,"minecraft:open_chest":14,"minecraft:crouch_one_cm":22103,"minecraft:play_time":103328,"minecraft:deaths":5,"minecraft:sneak_time":8173,"minecraft:walk_under_water_one_cm":35336,"minecraft:jump":2991,"minecraft:interact_with_blast_furnace":1,"minecraft:walk_on_water_one_cm":46797,"minecraft:total_world_time":103328,"minecraft:fall_one_cm":86257},"minecraft:broken":{"minecraft:stone_axe":1},"minecraft:dropped":{"minecraft:bread":14,"minecraft:wheat_seeds":2,"minecraft:cookie":48,"minecraft:granite":1,"minecraft:dirt":4},"minecraft:killed_by":{"minecraft:skeleton":1,"minecraft:creeper":1,"minecraft:zombie":2},"minecraft:killed":{"minecraft:pig":3,"minecraft:zombie_villager":1,"minecraft:spider":2,"minecraft:iron_golem":1,"minecraft:creeper":1,"minecraft:sheep":2,"minecraft:zombie":6,"minecraft:drowned":1,"minecraft:cow":15},"minecraft:picked_up":{"minecraft:crafting_table":5,"minecraft:magma_block":1,"minecraft:wheat":64,"minecraft:cooked_beef":1,"minecraft:andesite":3,"minecraft:leather":18,"minecraft:diamond_sword":2,"minecraft:flint":2,"minecraft:tuff":1,"minecraft:oak_log":23,"minecraft:yellow_bed":11,"minecraft:dirt":24,"minecraft:string":1,"minecraft:flint_and_steel":1,"minecraft:iron_leggings":1,"minecraft:cooked_mutton":1,"minecraft:wheat_seeds":5,"minecraft:cobbled_deepslate":41,"minecraft:bell":5,"minecraft:iron_ingot":7,"minecraft:beef":36,"minecraft:light_gray_wool":2,"minecraft:iron_pickaxe":1,"minecraft:sugar_cane":8,"minecraft:oak_planks":8,"minecraft:furnace":2,"minecraft:egg":4,"minecraft:iron_boots":1,"minecraft:raw_iron":12,"minecraft:oak_door":1,"minecraft:composter":2,"minecraft:torch":1,"minecraft:gravel":7,"minecraft:porkchop":3,"minecraft:cookie":24,"minecraft:blast_furnace":3,"minecraft:white_bed":1,"minecraft:carrot":19,"minecraft:rotten_flesh":9,"minecraft:diamond":19,"minecraft:hay_block":49,"minecraft:iron_helmet":1,"minecraft:granite":1,"minecraft:bread":9,"minecraft:mutton":4,"minecraft:coal":26,"minecraft:white_wool":2,"minecraft:cobblestone":132},"minecraft:mined":{"minecraft:white_bed":1,"minecraft:deepslate_diamond_ore":18,"minecraft:crafting_table":4,"minecraft:granite":1,"minecraft:short_grass":52,"minecraft:blast_furnace":3,"minecraft:grass_block":9,"minecraft:tall_grass":1,"minecraft:cobblestone":11,"minecraft:oak_planks":5,"minecraft:sugar_cane":6,"minecraft:composter":2,"minecraft:spawner":1,"minecraft:hay_block":49,"minecraft:magma_block":1,"minecraft:furnace":2,"minecraft:iron_ore":7,"minecraft:cobbled_deepslate":4,"minecraft:andesite":3,"minecraft:yellow_bed":10,"minecraft:bell":4,"minecraft:oak_log":23,"minecraft:coal_ore":14,"minecraft:deepslate_iron_ore":4,"minecraft:dirt_path":1,"minecraft:gravel":9,"minecraft:dirt":8,"minecraft:stone":122,"minecraft:oak_leaves":5,"minecraft:deepslate":11}},"DataVersion":3953}