{"stats":{"minecraft:mined":{"minecraft:dragon_wall_head":1,"minecraft:spruce_planks":2,"minecraft:white_bed":10,"minecraft:cobblestone_stairs":16,"minecraft:obsidian":10,"minecraft:spruce_trapdoor":2,"minecraft:granite":24,"minecraft:grass_block":2575,"minecraft:deepslate_bricks":3,"minecraft:composter":3,"minecraft:hopper":1,"minecraft:oxeye_daisy":1,"minecraft:spawner":2,"minecraft:weeping_vines_plant":2,"minecraft:tall_seagrass":1,"minecraft:magma_block":1,"minecraft:iron_ore":61,"minecraft:sticky_piston":1,"minecraft:cobbled_deepslate":4,"minecraft:azure_bluet":1,"minecraft:dirt_path":8,"minecraft:end_stone_bricks":6,"minecraft:spruce_slab":2,"minecraft:tripwire":4,"minecraft:torch":1,"minecraft:blast_furnace":4,"minecraft:chest":3,"minecraft:glass":2,"minecraft:cobblestone":186,"minecraft:bamboo_mosaic":1,"minecraft:sugar_cane":10,"minecraft:oak_planks":5,"minecraft:powered_rail":6,"minecraft:nether_wart_block":6,"minecraft:purpur_block":2,"minecraft:oak_log":27,"minecraft:smooth_quartz":9,"minecraft:sand":52,"minecraft:dirt":2294,"minecraft:blue_shulker_box":1,"minecraft:dispenser":3,"minecraft:netherrack":119,"minecraft:oak_leaves":20,"minecraft:deepslate":26,"minecraft:tuff":3,"minecraft:deepslate_diamond_ore":41,"minecraft:shulker_box":21,"minecraft:end_stone":80,"minecraft:lever":2,"minecraft:decorated_pot":1,"minecraft:spruce_leaves":110,"minecraft:hay_block":49,"minecraft:oak_trapdoor":8,"minecraft:spruce_sapling":3,"minecraft:furnace":2,"minecraft:carrots":9,"minecraft:andesite":17,"minecraft:stripped_spruce_log":1,"minecraft:bell":4,"minecraft:potted_cherry_sapling":1,"minecraft:potatoes":3,"minecraft:deepslate_iron_ore":39,"minecraft:cobblestone_slab":9,"minecraft:rail":19,"minecraft:chorus_plant":1,"minecraft:stone":1676,"minecraft:white_wool":4,"minecraft:redstone_wall_torch":4,"minecraft:podzol":5,"minecraft:red_wool":1,"minecraft:dandelion":10,"minecraft:oak_fence":1,"minecraft:crafting_table":6,"minecraft:cornflower":1,"minecraft:short_grass":307,"minecraft:tall_grass":29,"minecraft:red_concrete":7,"minecraft:diorite":1,"minecraft:cobblestone_wall":7,"minecraft:spruce_log":875,"minecraft:yellow_bed":11,"minecraft:coal_ore":36,"minecraft:gravel":87,"minecraft:cobweb":7,"minecraft:spruce_fence_gate":9,"minecraft:stone_bricks":1},"minecraft:crafted":{"minecraft:oak_planks":108,"minecraft:diamond_shovel":1,"minecraft:lever":2,"minecraft:bookshelf":16,"minecraft:cooked_mutton":2,"minecraft:glass":69,"minecraft:hopper":13,"minecraft:diamond_helmet":1,"minecraft:bow":30,"minecraft:diamond_leggings":2,"minecraft:iron_boots":1,"minecraft:chest":32,"minecraft:oak_button":1,"minecraft:rail":64,"minecraft:stone_hoe":2,"minecraft:flower_pot":1,"minecraft:emerald":1157,"minecraft:arrow":16,"minecraft:cooked_porkchop":1,"minecraft:diamond_axe":3,"minecraft:crafting_table":6,"minecraft:spruce_planks":3372,"minecraft:wooden_pickaxe":3,"minecraft:fletching_table":6,"minecraft:dispenser":1,"minecraft:apple":40,"minecraft:spruce_trapdoor":4,"minecraft:iron_chestplate":1,"minecraft:paper":9,"minecraft:diamond_pickaxe":1,"minecraft:shield":1,"minecraft:stick":5364,"minecraft:iron_ingot":70,"minecraft:iron_pickaxe":2,"minecraft:iron_block":3,"minecraft:redstone_torch":17,"minecraft:composter":2,"minecraft:spruce_fence_gate":83,"minecraft:shears":1,"minecraft:golden_carrot":207,"minecraft:cookie":90,"minecraft:redstone":28,"minecraft:tripwire_hook":2,"minecraft:experience_bottle":27,"minecraft:furnace":3,"minecraft:bone_meal":27,"minecraft:iron_axe":1,"minecraft:ladder":15,"minecraft:spruce_slab":18,"minecraft:stone_pickaxe":3,"minecraft:diamond_boots":1,"minecraft:spruce_boat":2,"minecraft:minecart":4,"minecraft:wheat":414,"minecraft:cooked_beef":5,"minecraft:coal_block":1,"minecraft:diamond_sword":1,"minecraft:spruce_sign":18,"minecraft:powered_rail":6,"minecraft:bucket":3,"minecraft:stone_axe":2,"minecraft:enchanted_book":4,"minecraft:air":0,"minecraft:oak_fence_gate":1,"minecraft:white_wool":1126,"minecraft:iron_shovel":1,"minecraft:iron_leggings":1,"minecraft:stonecutter":1,"minecraft:anvil":1,"minecraft:white_bed":24,"minecraft:torch":124,"minecraft:lapis_lazuli":9,"minecraft:firework_rocket":12,"minecraft:diamond_chestplate":3,"minecraft:ender_chest":1},"minecraft:picked_up":{"minecraft:shulker_shell":2,"minecraft:wheat":64,"minecraft:flower_pot":1,"minecraft:suspicious_stew":1,"minecraft:diamond_sword":16,"minecraft:potion":3,"minecraft:string":3158,"minecraft:iron_leggings":1,"minecraft:diamond_leggings":8,"minecraft:cobbled_deepslate":106,"minecraft:bucket":3,"minecraft:spruce_planks":74,"minecraft:eye_armor_trim_smithing_template":1,"minecraft:smooth_quartz":5,"minecraft:redstone_torch":5,"minecraft:cobblestone_slab":16,"minecraft:ender_eye":2,"minecraft:netherite_upgrade_smithing_template":2,"minecraft:iron_pickaxe":1,"minecraft:furnace":2,"minecraft:iron_boots":3,"minecraft:tipped_arrow":20,"minecraft:golden_helmet":1,"minecraft:stick":87,"minecraft:composter":3,"minecraft:oak_fence":3,"minecraft:torch":10,"minecraft:porkchop":6,"minecraft:rotten_flesh":64,"minecraft:glowstone":6,"minecraft:end_rod":1,"minecraft:chorus_flower":3,"minecraft:obsidian":25,"minecraft:cobblestone":2433,"minecraft:magma_block":1,"minecraft:cooked_beef":2,"minecraft:water_bucket":8,"minecraft:andesite":20,"minecraft:potato":12,"minecraft:flint":12,"minecraft:tuff":8,"minecraft:lapis_lazuli":47,"minecraft:dirt":1903,"minecraft:bone":16,"minecraft:bow":3,"minecraft:wheat_seeds":135,"minecraft:bell":6,"minecraft:dark_oak_sign":1,"minecraft:diamond_helmet":12,"minecraft:powered_rail":92,"minecraft:oak_planks":26,"minecraft:scrape_pottery_sherd":2,"minecraft:sand":43,"minecraft:stripped_spruce_log":1,"minecraft:grass_block":2271,"minecraft:shulker_box":29,"minecraft:spruce_fence_gate":13,"minecraft:dispenser":3,"minecraft:diamond":102,"minecraft:spruce_boat":15,"minecraft:lever":2,"minecraft:granite":24,"minecraft:crossbow":5,"minecraft:breeze_rod":19,"minecraft:emerald":50,"minecraft:bread":9,"minecraft:netherrack":868,"minecraft:chorus_fruit":27,"minecraft:diamond_pickaxe":17,"minecraft:end_stone_bricks":7,"minecraft:cocoa_beans":15,"minecraft:crafting_table":7,"minecraft:azure_bluet":3,"minecraft:ominous_bottle":2,"minecraft:dragon_head":1,"minecraft:purpur_block":1,"minecraft:brick":3,"minecraft:shield":16,"minecraft:cornflower":1,"minecraft:oak_trapdoor":8,"minecraft:elytra":4,"minecraft:iron_axe":8,"minecraft:flint_and_steel":2,"minecraft:beef":36,"minecraft:spire_armor_trim_smithing_template":1,"minecraft:oak_boat":3,"minecraft:player_head":34,"minecraft:light_gray_wool":2,"minecraft:poppy":14,"minecraft:spruce_slab":4,"minecraft:minecart":9,"minecraft:guster_pottery_sherd":3,"minecraft:blue_shulker_box":1,"minecraft:sugar_cane":19,"minecraft:chest":2,"minecraft:spruce_trapdoor":2,"minecraft:egg":6,"minecraft:raw_iron":173,"minecraft:end_stone":126,"minecraft:oak_door":1,"minecraft:mace":11,"minecraft:cookie":24,"minecraft:carrot":49,"minecraft:redstone":45,"minecraft:prismarine_crystals":3,"minecraft:arrow":321,"minecraft:weeping_vines":4,"minecraft:diamond_chestplate":8,"minecraft:decorated_pot":14,"minecraft:deepslate_bricks":12,"minecraft:diamond_boots":14,"minecraft:hay_block":49,"minecraft:saddle":1,"minecraft:gold_ingot":36,"minecraft:glow_berries":6,"minecraft:mutton":7,"minecraft:rail":86,"minecraft:white_wool":1432,"minecraft:oxeye_daisy":3,"minecraft:golden_carrot":187,"minecraft:glow_ink_sac":2,"minecraft:leather":18,"minecraft:oak_log":27,"minecraft:cobblestone_wall":7,"minecraft:yellow_bed":14,"minecraft:nether_wart_block":7,"minecraft:gunpowder":11,"minecraft:cobblestone_stairs":35,"minecraft:paper":10,"minecraft:cooked_mutton":1,"minecraft:stone_bricks":3,"minecraft:heart_of_the_sea":2,"minecraft:iron_ingot":71,"minecraft:glass_bottle":1,"minecraft:soul_sand":130,"minecraft:book":119,"minecraft:red_wool":1,"minecraft:dandelion":25,"minecraft:gravel":77,"minecraft:lava_bucket":1,"minecraft:spruce_sapling":69,"minecraft:blast_furnace":4,"minecraft:white_bed":11,"minecraft:spruce_log":867,"minecraft:spider_eye":4,"minecraft:bamboo_mosaic":2,"minecraft:firework_rocket":6,"minecraft:diamond_shovel":13,"minecraft:slime_ball":55,"minecraft:chainmail_leggings":3,"minecraft:iron_helmet":1,"minecraft:diamond_axe":7,"minecraft:red_concrete":3,"minecraft:coal":83,"minecraft:hopper":1,"minecraft:ender_pearl":53},"minecraft:broken":{"minecraft:stone_axe":1,"minecraft:diamond_chestplate":1,"minecraft:diamond_leggings":1},"minecraft:killed":{"minecraft:zombified_piglin":1,"minecraft:spider":12,"minecraft:shulker":5,"minecraft:skeleton":14,"minecraft:piglin":2,"minecraft:pig":4,"minecraft:zombie_villager":1,"minecraft:iron_golem":11,"minecraft:creeper":7,"minecraft:sheep":3,"minecraft:pillager":2,"minecraft:zombie":38,"minecraft:cow":15,"minecraft:drowned":1,"minecraft:enderman":8},"minecraft:dropped":{"minecraft:diamond_axe":1,"minecraft:cooked_beef":1,"minecraft:glass_bottle":4,"minecraft:netherite_upgrade_smithing_template":2,"minecraft:weeping_vines":3,"minecraft:cookie":48,"minecraft:saddle":1,"minecraft:elytra":1,"minecraft:flint":1,"minecraft:cobblestone_stairs":4,"minecraft:emerald":257,"minecraft:dirt":1091,"minecraft:mace":4,"minecraft:gold_nugget":17,"minecraft:white_wool":51,"minecraft:bone":9,"minecraft:gravel":12,"minecraft:sugar_cane":2,"minecraft:cobbled_deepslate":22,"minecraft:obsidian":8,"minecraft:rotten_flesh":25,"minecraft:oak_planks":16,"minecraft:diamond_shovel":2,"minecraft:azure_bluet":2,"minecraft:carrot":4,"minecraft:eye_armor_trim_smithing_template":1,"minecraft:poppy":14,"minecraft:gunpowder":2,"minecraft:chest":1,"minecraft:spire_armor_trim_smithing_template":1,"minecraft:end_stone_bricks":5,"minecraft:arrow":154,"minecraft:firework_rocket":4,"minecraft:netherrack":25,"minecraft:iron_ingot":8,"minecraft:bread":14,"minecraft:wheat_seeds":109,"minecraft:chorus_flower":3,"minecraft:golden_helmet":1,"minecraft:cobblestone":271,"minecraft:granite":1,"minecraft:grass_block":334,"minecraft:stick":2,"minecraft:spruce_fence_gate":4,"minecraft:oxeye_daisy":3,"minecraft:golden_carrot":100,"minecraft:torch":2,"minecraft:nether_wart_block":3,"minecraft:diamond_helmet":1,"minecraft:potion":1,"minecraft:iron_axe":5,"minecraft:string":218,"minecraft:spruce_sapling":5,"minecraft:dandelion":17,"minecraft:oak_trapdoor":2,"minecraft:cocoa_beans":15,"minecraft:tuff":3,"minecraft:iron_boots":1,"minecraft:shulker_box":1,"minecraft:diamond_sword":2,"minecraft:shield":3,"minecraft:flower_pot":1,"minecraft:diamond_pickaxe":1,"minecraft:andesite":3,"minecraft:yellow_bed":3,"minecraft:spider_eye":2,"minecraft:spruce_log":18,"minecraft:diamond_boots":1,"minecraft:bow":17},"minecraft:used":{"minecraft:iron_shovel":211,"minecraft:dispenser":4,"minecraft:spruce_slab":6,"minecraft:elytra":24,"minecraft:chest":21,"minecraft:shield":69,"minecraft:iron_sword":77,"minecraft:player_head":34,"minecraft:bell":5,"minecraft:rotten_flesh":6,"minecraft:iron_chestplate":3,"minecraft:soul_sand":4,"minecraft:mutton":2,"minecraft:carrot":40,"minecraft:tuff":1,"minecraft:obsidian":9,"minecraft:azure_bluet":1,"minecraft:spruce_boat":17,"minecraft:glass":66,"minecraft:lava_bucket":4,"minecraft:red_wool":1,"minecraft:grass_block":1493,"minecraft:iron_helmet":3,"minecraft:magma_block":1,"minecraft:hay_block":3,"minecraft:blue_shulker_box":1,"minecraft:furnace":3,"minecraft:egg":6,"minecraft:potato":12,"minecraft:end_rod":1,"minecraft:diamond_boots":3,"minecraft:end_stone_bricks":2,"minecraft:dark_oak_sign":1,"minecraft:stone_pickaxe":55,"minecraft:powered_rail":94,"minecraft:chorus_fruit":9,"minecraft:oak_planks":8,"minecraft:ender_pearl":9,"minecraft:wooden_pickaxe":17,"minecraft:composter":4,"minecraft:diamond_axe":829,"minecraft:sugar_cane":8,"minecraft:cookie":41,"minecraft:white_wool":511,"minecraft:golden_apple":1,"minecraft:sand":3,"minecraft:blast_furnace":2,"minecraft:crossbow":49,"minecraft:end_stone":98,"minecraft:shears":2,"minecraft:redstone_torch":20,"minecraft:lever":3,"minecraft:firework_rocket":3,"minecraft:mace":50,"minecraft:bread":6,"minecraft:string":3,"minecraft:gravel":7,"minecraft:nether_wart_block":4,"minecraft:diamond_sword":557,"minecraft:andesite":1,"minecraft:oak_boat":1,"minecraft:bone_meal":35,"minecraft:experience_bottle":27,"minecraft:oak_fence":1,"minecraft:oak_trapdoor":6,"minecraft:enchanting_table":1,"minecraft:ender_chest":1,"minecraft:stone_hoe":156,"minecraft:netherrack":35,"minecraft:oak_door":1,"minecraft:torch":130,"minecraft:dirt":332,"minecraft:anvil":1,"minecraft:hopper":14,"minecraft:cobblestone_wall":195,"minecraft:diamond_helmet":3,"minecraft:shulker_box":26,"minecraft:granite":2,"minecraft:oak_fence_gate":1,"minecraft:bookshelf":16,"minecraft:iron_axe":213,"minecraft:smooth_quartz":5,"minecraft:iron_boots":2,"minecraft:diamond_chestplate":26,"minecraft:tripwire_hook":2,"minecraft:light_gray_wool":2,"minecraft:golden_carrot":122,"minecraft:cooked_beef":6,"minecraft:iron_leggings":4,"minecraft:cooked_mutton":3,"minecraft:water_bucket":552,"minecraft:cobblestone_stairs":184,"minecraft:baked_potato":18,"minecraft:spruce_sign":9,"minecraft:cobblestone_slab":121,"minecraft:fletching_table":6,"minecraft:stonecutter":1,"minecraft:spruce_fence_gate":88,"minecraft:rail":254,"minecraft:crafting_table":11,"minecraft:white_bed":33,"minecraft:spruce_log":7,"minecraft:flower_pot":1,"minecraft:diamond_pickaxe":2116,"minecraft:cornflower":1,"minecraft:apple":7,"minecraft:diamond_shovel":4807,"minecraft:oak_button":1,"minecraft:iron_pickaxe":289,"minecraft:suspicious_stew":2,"minecraft:spruce_trapdoor":6,"minecraft:spruce_sapling":64,"minecraft:stone_axe":99,"minecraft:cobblestone":1593,"minecraft:potion":3,"minecraft:cooked_porkchop":1,"minecraft:bucket":560,"minecraft:yellow_bed":11,"minecraft:dandelion":8,"minecraft:diamond_leggings":2},"minecraft:killed_by":{"minecraft:creeper":4,"minecraft:drowned":1,"minecraft:zombie":3,"minecraft:player":2,"minecraft:spider":1,"minecraft:enderman":1,"minecraft:iron_golem":1,"minecraft:hoglin":1,"minecraft:skeleton":5},"minecraft:custom":{"minecraft:open_barrel":21,"minecraft:interact_with_crafting_table":87,"minecraft:open_shulker_box":121,"minecraft:bell_ring":134,"minecraft:leave_game":36,"minecraft:time_since_death":225,"minecraft:sprint_one_cm":1939985,"minecraft:damage_blocked_by_shield":3489,"minecraft:drop":547,"minecraft:talked_to_villager":369,"minecraft:play_time":1096037,"minecraft:deaths":28,"minecraft:jump":18841,"minecraft:interact_with_brewingstand":1,"minecraft:enchant_item":7,"minecraft:walk_on_water_one_cm":355326,"minecraft:interact_with_furnace":77,"minecraft:traded_with_villager":1344,"minecraft:sleep_in_bed":40,"minecraft:open_enderchest":16,"minecraft:damage_dealt":37205,"minecraft:interact_with_beacon":1,"minecraft:player_kills":8,"minecraft:crouch_one_cm":333307,"minecraft:inspect_dispenser":9,"minecraft:horse_one_cm":102861,"minecraft:interact_with_smithing_table":1,"minecraft:interact_with_anvil":6,"minecraft:mob_kills":132,"minecraft:climb_one_cm":6648,"minecraft:walk_one_cm":2558020,"minecraft:sneak_time":103112,"minecraft:walk_under_water_one_cm":170430,"minecraft:boat_one_cm":347640,"minecraft:interact_with_lectern":1,"minecraft:interact_with_blast_furnace":8,"minecraft:total_world_time":1096037,"minecraft:interact_with_stonecutter":7,"minecraft:time_since_rest":251,"minecraft:damage_taken":20267,"minecraft:damage_absorbed":40,"minecraft:swim_one_cm":286248,"minecraft:fly_one_cm":3829241,"minecraft:open_chest":598,"minecraft:aviate_one_cm":1300679,"minecraft:fall_one_cm":521447}},"DataVersion":3953}