{"stats":{"minecraft:crafted":{"minecraft:cookie":90,"minecraft:oak_planks":92,"minecraft:furnace":3,"minecraft:cooked_mutton":2,"minecraft:diamond_helmet":1,"minecraft:diamond_leggings":1,"minecraft:iron_boots":1,"minecraft:iron_axe":1,"minecraft:stone_pickaxe":3,"minecraft:stone_hoe":1,"minecraft:wheat":414,"minecraft:cooked_beef":5,"minecraft:emerald":114,"minecraft:cooked_porkchop":1,"minecraft:diamond_axe":1,"minecraft:crafting_table":4,"minecraft:spruce_planks":1588,"minecraft:wooden_pickaxe":3,"minecraft:fletching_table":1,"minecraft:bucket":2,"minecraft:stone_axe":2,"minecraft:air":0,"minecraft:apple":36,"minecraft:spruce_trapdoor":4,"minecraft:iron_chestplate":1,"minecraft:shield":1,"minecraft:stick":3156,"minecraft:iron_ingot":22,"minecraft:iron_pickaxe":2,"minecraft:iron_leggings":1,"minecraft:diamond_chestplate":1},"minecraft:used":{"minecraft:shield":40,"minecraft:iron_sword":20,"minecraft:bell":5,"minecraft:rotten_flesh":2,"minecraft:stone_hoe":49,"minecraft:oak_door":1,"minecraft:iron_chestplate":1,"minecraft:dirt":18,"minecraft:mutton":2,"minecraft:carrot":15,"minecraft:lava_bucket":1,"minecraft:iron_axe":105,"minecraft:iron_helmet":2,"minecraft:iron_boots":1,"minecraft:light_gray_wool":2,"minecraft:magma_block":1,"minecraft:hay_block":3,"minecraft:furnace":3,"minecraft:egg":4,"minecraft:cooked_beef":5,"minecraft:iron_leggings":3,"minecraft:cooked_mutton":3,"minecraft:water_bucket":118,"minecraft:stone_pickaxe":55,"minecraft:oak_planks":6,"minecraft:wooden_pickaxe":17,"minecraft:composter":2,"minecraft:fletching_table":1,"minecraft:diamond_axe":314,"minecraft:sugar_cane":8,"minecraft:cookie":41,"minecraft:white_wool":1,"minecraft:golden_apple":1,"minecraft:crafting_table":9,"minecraft:blast_furnace":2,"minecraft:white_bed":1,"minecraft:spruce_log":3,"minecraft:apple":3,"minecraft:bread":6,"minecraft:iron_pickaxe":264,"minecraft:spruce_sapling":33,"minecraft:gravel":7,"minecraft:stone_axe":99,"minecraft:diamond_sword":101,"minecraft:cobblestone":87,"minecraft:cooked_porkchop":1,"minecraft:bucket":122,"minecraft:yellow_bed":11,"minecraft:bone_meal":19},"minecraft:custom":{"minecraft:mob_kills":61,"minecraft:interact_with_crafting_table":28,"minecraft:bell_ring":80,"minecraft:leave_game":7,"minecraft:time_since_death":34023,"minecraft:climb_one_cm":1524,"minecraft:sprint_one_cm":425675,"minecraft:walk_one_cm":338478,"minecraft:damage_blocked_by_shield":1665,"minecraft:drop":78,"minecraft:talked_to_villager":57,"minecraft:play_time":218981,"minecraft:deaths":11,"minecraft:sneak_time":19714,"minecraft:walk_under_water_one_cm":66800,"minecraft:jump":4250,"minecraft:interact_with_blast_furnace":8,"minecraft:walk_on_water_one_cm":115559,"minecraft:total_world_time":218981,"minecraft:interact_with_furnace":20,"minecraft:traded_with_villager":132,"minecraft:sleep_in_bed":9,"minecraft:time_since_rest":5113,"minecraft:damage_taken":4573,"minecraft:damage_absorbed":40,"minecraft:damage_dealt":12298,"minecraft:fly_one_cm":823902,"minecraft:swim_one_cm":151827,"minecraft:open_chest":33,"minecraft:crouch_one_cm":53226,"minecraft:fall_one_cm":119070,"minecraft:horse_one_cm":5358},"minecraft:broken":{"minecraft:stone_axe":1},"minecraft:dropped":{"minecraft:bread":14,"minecraft:wheat_seeds":4,"minecraft:cooked_beef":1,"minecraft:cookie":48,"minecraft:granite":1,"minecraft:dirt":4,"minecraft:poppy":6},"minecraft:killed_by":{"minecraft:creeper":2,"minecraft:spider":1,"minecraft:drowned":1,"minecraft:skeleton":4,"minecraft:zombie":2},"minecraft:killed":{"minecraft:spider":9,"minecraft:skeleton":6,"minecraft:drowned":1,"minecraft:pig":3,"minecraft:zombie_villager":1,"minecraft:iron_golem":5,"minecraft:creeper":2,"minecraft:sheep":2,"minecraft:zombie":15,"minecraft:cow":15},"minecraft:picked_up":{"minecraft:crafting_table":7,"minecraft:wheat":64,"minecraft:diamond_sword":2,"minecraft:string":4,"minecraft:flint_and_steel":1,"minecraft:iron_leggings":1,"minecraft:cobbled_deepslate":44,"minecraft:beef":36,"minecraft:poppy":6,"minecraft:light_gray_wool":2,"minecraft:iron_pickaxe":1,"minecraft:sugar_cane":8,"minecraft:egg":4,"minecraft:iron_boots":1,"minecraft:furnace":2,"minecraft:stick":26,"minecraft:raw_iron":116,"minecraft:oak_door":1,"minecraft:composter":2,"minecraft:torch":1,"minecraft:porkchop":3,"minecraft:cookie":24,"minecraft:carrot":19,"minecraft:rotten_flesh":16,"minecraft:arrow":1,"minecraft:hay_block":49,"minecraft:mutton":5,"minecraft:cobblestone":169,"minecraft:white_wool":3,"minecraft:magma_block":1,"minecraft:cooked_beef":2,"minecraft:andesite":3,"minecraft:leather":18,"minecraft:flint":2,"minecraft:tuff":2,"minecraft:oak_log":23,"minecraft:yellow_bed":11,"minecraft:gunpowder":1,"minecraft:dirt":37,"minecraft:cooked_mutton":1,"minecraft:bone":3,"minecraft:wheat_seeds":7,"minecraft:bell":5,"minecraft:iron_ingot":24,"minecraft:oak_planks":8,"minecraft:gravel":7,"minecraft:stripped_spruce_log":1,"minecraft:spruce_sapling":33,"minecraft:blast_furnace":4,"minecraft:white_bed":1,"minecraft:spruce_log":399,"minecraft:spider_eye":2,"minecraft:diamond":21,"minecraft:iron_helmet":1,"minecraft:granite":1,"minecraft:bread":9,"minecraft:coal":45},"minecraft:mined":{"minecraft:tuff":1,"minecraft:white_bed":1,"minecraft:deepslate_diamond_ore":20,"minecraft:granite":1,"minecraft:grass_block":12,"minecraft:composter":2,"minecraft:spawner":2,"minecraft:hay_block":49,"minecraft:tall_seagrass":1,"minecraft:magma_block":1,"minecraft:spruce_sapling":1,"minecraft:furnace":2,"minecraft:iron_ore":53,"minecraft:cobbled_deepslate":4,"minecraft:andesite":3,"minecraft:stripped_spruce_log":1,"minecraft:bell":4,"minecraft:deepslate_iron_ore":23,"minecraft:dirt_path":1,"minecraft:stone":159,"minecraft:podzol":5,"minecraft:crafting_table":6,"minecraft:short_grass":61,"minecraft:blast_furnace":4,"minecraft:tall_grass":1,"minecraft:cobblestone":11,"minecraft:sugar_cane":6,"minecraft:oak_planks":5,"minecraft:spruce_log":400,"minecraft:yellow_bed":10,"minecraft:oak_log":23,"minecraft:coal_ore":21,"minecraft:gravel":9,"minecraft:dirt":13,"minecraft:oak_leaves":5,"minecraft:deepslate":14}},"DataVersion":3953}