{"stats":{"minecraft:picked_up":{"minecraft:crafting_table":7,"minecraft:wheat":64,"minecraft:azure_bluet":1,"minecraft:diamond_sword":3,"minecraft:brick":3,"minecraft:cornflower":1,"minecraft:string":2847,"minecraft:oak_trapdoor":8,"minecraft:flint_and_steel":1,"minecraft:iron_leggings":1,"minecraft:cobbled_deepslate":44,"minecraft:beef":36,"minecraft:redstone_torch":3,"minecraft:poppy":8,"minecraft:iron_pickaxe":1,"minecraft:light_gray_wool":2,"minecraft:minecart":4,"minecraft:guster_pottery_sherd":1,"minecraft:sugar_cane":8,"minecraft:spruce_trapdoor":2,"minecraft:furnace":2,"minecraft:iron_boots":1,"minecraft:egg":5,"minecraft:stick":36,"minecraft:raw_iron":116,"minecraft:oak_door":1,"minecraft:composter":3,"minecraft:torch":4,"minecraft:porkchop":6,"minecraft:cookie":24,"minecraft:carrot":48,"minecraft:arrow":1,"minecraft:rotten_flesh":33,"minecraft:hay_block":49,"minecraft:mutton":5,"minecraft:rail":7,"minecraft:white_wool":6,"minecraft:cobblestone":789,"minecraft:oxeye_daisy":2,"minecraft:magma_block":1,"minecraft:cooked_beef":2,"minecraft:andesite":11,"minecraft:leather":18,"minecraft:potato":12,"minecraft:flint":12,"minecraft:tuff":2,"minecraft:oak_log":23,"minecraft:yellow_bed":11,"minecraft:gunpowder":1,"minecraft:dirt":268,"minecraft:cooked_mutton":1,"minecraft:bone":5,"minecraft:wheat_seeds":20,"minecraft:bell":5,"minecraft:iron_ingot":32,"minecraft:powered_rail":2,"minecraft:oak_planks":8,"minecraft:dandelion":14,"minecraft:gravel":52,"minecraft:sand":2,"minecraft:stripped_spruce_log":1,"minecraft:spruce_sapling":60,"minecraft:blast_furnace":4,"minecraft:white_bed":8,"minecraft:spruce_log":659,"minecraft:spider_eye":2,"minecraft:dispenser":3,"minecraft:diamond":21,"minecraft:spruce_boat":7,"minecraft:lever":2,"minecraft:iron_helmet":1,"minecraft:granite":24,"minecraft:bread":9,"minecraft:emerald":9,"minecraft:coal":79},"minecraft:used":{"minecraft:oak_trapdoor":6,"minecraft:enchanting_table":1,"minecraft:iron_shovel":211,"minecraft:spruce_slab":2,"minecraft:dispenser":4,"minecraft:chest":8,"minecraft:shield":42,"minecraft:iron_sword":77,"minecraft:bell":5,"minecraft:rotten_flesh":6,"minecraft:stone_hoe":156,"minecraft:oak_door":1,"minecraft:iron_chestplate":1,"minecraft:torch":3,"minecraft:dirt":177,"minecraft:mutton":2,"minecraft:hopper":4,"minecraft:carrot":40,"minecraft:granite":2,"minecraft:azure_bluet":1,"minecraft:lava_bucket":1,"minecraft:glass":3,"minecraft:spruce_boat":8,"minecraft:bookshelf":16,"minecraft:iron_axe":114,"minecraft:iron_helmet":2,"minecraft:iron_boots":1,"minecraft:tripwire_hook":2,"minecraft:golden_carrot":17,"minecraft:light_gray_wool":2,"minecraft:magma_block":1,"minecraft:hay_block":3,"minecraft:furnace":3,"minecraft:egg":5,"minecraft:potato":12,"minecraft:cooked_beef":6,"minecraft:iron_leggings":3,"minecraft:cooked_mutton":3,"minecraft:water_bucket":148,"minecraft:stone_pickaxe":55,"minecraft:powered_rail":5,"minecraft:oak_planks":6,"minecraft:wooden_pickaxe":17,"minecraft:composter":4,"minecraft:sugar_cane":8,"minecraft:diamond_axe":592,"minecraft:fletching_table":6,"minecraft:cookie":41,"minecraft:white_wool":16,"minecraft:golden_apple":1,"minecraft:rail":55,"minecraft:crafting_table":9,"minecraft:blast_furnace":2,"minecraft:white_bed":8,"minecraft:shears":2,"minecraft:spruce_log":7,"minecraft:redstone_torch":4,"minecraft:flower_pot":1,"minecraft:lever":3,"minecraft:diamond_pickaxe":661,"minecraft:cornflower":1,"minecraft:apple":3,"minecraft:iron_pickaxe":289,"minecraft:string":3,"minecraft:bread":6,"minecraft:suspicious_stew":2,"minecraft:oak_button":1,"minecraft:spruce_trapdoor":6,"minecraft:gravel":7,"minecraft:spruce_sapling":59,"minecraft:stone_axe":99,"minecraft:diamond_sword":129,"minecraft:cobblestone":245,"minecraft:cooked_porkchop":1,"minecraft:andesite":1,"minecraft:bucket":152,"minecraft:yellow_bed":11,"minecraft:dandelion":8,"minecraft:bone_meal":28,"minecraft:experience_bottle":24},"minecraft:dropped":{"minecraft:bread":14,"minecraft:wheat_seeds":12,"minecraft:cooked_beef":1,"minecraft:cookie":48,"minecraft:granite":1,"minecraft:emerald":191,"minecraft:oxeye_daisy":2,"minecraft:dirt":4,"minecraft:golden_carrot":32,"minecraft:string":2,"minecraft:spruce_sapling":1,"minecraft:dandelion":6,"minecraft:oak_trapdoor":2,"minecraft:rotten_flesh":7,"minecraft:carrot":3,"minecraft:diamond_sword":1,"minecraft:poppy":8,"minecraft:bow":16,"minecraft:arrow":16},"minecraft:broken":{"minecraft:stone_axe":1},"minecraft:custom":{"minecraft:interact_with_anvil":1,"minecraft:mob_kills":78,"minecraft:interact_with_crafting_table":48,"minecraft:bell_ring":133,"minecraft:leave_game":18,"minecraft:time_since_death":231732,"minecraft:climb_one_cm":1524,"minecraft:sprint_one_cm":730198,"minecraft:damage_blocked_by_shield":1770,"minecraft:walk_one_cm":854363,"minecraft:drop":125,"minecraft:talked_to_villager":272,"minecraft:play_time":416690,"minecraft:sneak_time":30846,"minecraft:deaths":11,"minecraft:walk_under_water_one_cm":77071,"minecraft:boat_one_cm":12552,"minecraft:jump":7451,"minecraft:interact_with_blast_furnace":8,"minecraft:walk_on_water_one_cm":123000,"minecraft:enchant_item":3,"minecraft:total_world_time":416690,"minecraft:interact_with_furnace":31,"minecraft:traded_with_villager":739,"minecraft:sleep_in_bed":20,"minecraft:time_since_rest":15348,"minecraft:damage_taken":5499,"minecraft:damage_absorbed":40,"minecraft:damage_dealt":17308,"minecraft:swim_one_cm":154510,"minecraft:fly_one_cm":1462825,"minecraft:open_chest":202,"minecraft:crouch_one_cm":94019,"minecraft:fall_one_cm":202356,"minecraft:inspect_dispenser":7,"minecraft:horse_one_cm":5865},"minecraft:mined":{"minecraft:tuff":1,"minecraft:white_bed":8,"minecraft:deepslate_diamond_ore":20,"minecraft:spruce_trapdoor":2,"minecraft:lever":2,"minecraft:granite":24,"minecraft:grass_block":77,"minecraft:decorated_pot":1,"minecraft:spruce_leaves":67,"minecraft:composter":3,"minecraft:spawner":2,"minecraft:hay_block":49,"minecraft:tall_seagrass":1,"minecraft:oak_trapdoor":8,"minecraft:magma_block":1,"minecraft:spruce_sapling":3,"minecraft:furnace":2,"minecraft:carrots":9,"minecraft:iron_ore":53,"minecraft:cobbled_deepslate":4,"minecraft:andesite":11,"minecraft:stripped_spruce_log":1,"minecraft:azure_bluet":1,"minecraft:bell":4,"minecraft:potatoes":3,"minecraft:dirt_path":3,"minecraft:deepslate_iron_ore":23,"minecraft:rail":8,"minecraft:white_wool":3,"minecraft:stone":748,"minecraft:redstone_wall_torch":3,"minecraft:tripwire":1,"minecraft:podzol":5,"minecraft:dandelion":7,"minecraft:crafting_table":6,"minecraft:cornflower":1,"minecraft:short_grass":112,"minecraft:blast_furnace":4,"minecraft:tall_grass":5,"minecraft:cobblestone":46,"minecraft:oak_planks":5,"minecraft:sugar_cane":6,"minecraft:powered_rail":2,"minecraft:spruce_log":663,"minecraft:yellow_bed":10,"minecraft:oak_log":23,"minecraft:coal_ore":35,"minecraft:gravel":66,"minecraft:sand":2,"minecraft:dirt":152,"minecraft:dispenser":3,"minecraft:oak_leaves":5,"minecraft:deepslate":14},"minecraft:killed_by":{"minecraft:creeper":2,"minecraft:spider":1,"minecraft:drowned":1,"minecraft:skeleton":4,"minecraft:zombie":2},"minecraft:killed":{"minecraft:zombified_piglin":1,"minecraft:spider":10,"minecraft:skeleton":8,"minecraft:drowned":1,"minecraft:pig":4,"minecraft:zombie_villager":1,"minecraft:iron_golem":7,"minecraft:creeper":3,"minecraft:sheep":2,"minecraft:zombie":22,"minecraft:cow":15},"minecraft:crafted":{"minecraft:golden_carrot":84,"minecraft:cookie":90,"minecraft:oak_planks":92,"minecraft:redstone":4,"minecraft:tripwire_hook":2,"minecraft:experience_bottle":24,"minecraft:furnace":3,"minecraft:bone_meal":27,"minecraft:lever":2,"minecraft:bookshelf":16,"minecraft:cooked_mutton":2,"minecraft:glass":3,"minecraft:hopper":4,"minecraft:diamond_helmet":1,"minecraft:diamond_leggings":1,"minecraft:bow":30,"minecraft:iron_boots":1,"minecraft:iron_axe":1,"minecraft:spruce_slab":18,"minecraft:stone_pickaxe":3,"minecraft:chest":11,"minecraft:diamond_boots":1,"minecraft:oak_button":1,"minecraft:spruce_boat":2,"minecraft:rail":64,"minecraft:stone_hoe":2,"minecraft:wheat":414,"minecraft:flower_pot":1,"minecraft:minecart":1,"minecraft:cooked_beef":5,"minecraft:diamond_sword":1,"minecraft:arrow":16,"minecraft:emerald":632,"minecraft:cooked_porkchop":1,"minecraft:diamond_axe":1,"minecraft:crafting_table":4,"minecraft:spruce_planks":2612,"minecraft:powered_rail":6,"minecraft:wooden_pickaxe":3,"minecraft:fletching_table":6,"minecraft:bucket":2,"minecraft:stone_axe":2,"minecraft:enchanted_book":3,"minecraft:air":0,"minecraft:dispenser":1,"minecraft:apple":36,"minecraft:spruce_trapdoor":4,"minecraft:white_wool":1126,"minecraft:iron_chestplate":1,"minecraft:diamond_pickaxe":1,"minecraft:shield":1,"minecraft:stick":4856,"minecraft:iron_ingot":22,"minecraft:iron_pickaxe":2,"minecraft:iron_shovel":1,"minecraft:iron_leggings":1,"minecraft:redstone_torch":1,"minecraft:composter":2,"minecraft:shears":1,"minecraft:diamond_chestplate":1}},"DataVersion":3953}