{"stats":{"minecraft:mined":{"minecraft:tuff":1,"minecraft:white_bed":5,"minecraft:deepslate_diamond_ore":20,"minecraft:spruce_trapdoor":1,"minecraft:granite":1,"minecraft:grass_block":20,"minecraft:composter":2,"minecraft:spawner":2,"minecraft:hay_block":49,"minecraft:tall_seagrass":1,"minecraft:magma_block":1,"minecraft:spruce_sapling":1,"minecraft:furnace":2,"minecraft:carrots":9,"minecraft:iron_ore":53,"minecraft:cobbled_deepslate":4,"minecraft:andesite":3,"minecraft:stripped_spruce_log":1,"minecraft:bell":4,"minecraft:potatoes":3,"minecraft:deepslate_iron_ore":23,"minecraft:dirt_path":1,"minecraft:stone":159,"minecraft:podzol":5,"minecraft:crafting_table":6,"minecraft:short_grass":78,"minecraft:blast_furnace":4,"minecraft:tall_grass":3,"minecraft:cobblestone":22,"minecraft:sugar_cane":6,"minecraft:oak_planks":5,"minecraft:spruce_log":400,"minecraft:yellow_bed":10,"minecraft:oak_log":23,"minecraft:coal_ore":21,"minecraft:gravel":9,"minecraft:sand":2,"minecraft:dirt":29,"minecraft:oak_leaves":5,"minecraft:deepslate":14},"minecraft:crafted":{"minecraft:cookie":90,"minecraft:oak_planks":92,"minecraft:furnace":3,"minecraft:cooked_mutton":2,"minecraft:glass":3,"minecraft:diamond_helmet":1,"minecraft:diamond_leggings":1,"minecraft:iron_boots":1,"minecraft:iron_axe":1,"minecraft:spruce_slab":18,"minecraft:stone_pickaxe":3,"minecraft:spruce_boat":2,"minecraft:stone_hoe":2,"minecraft:wheat":414,"minecraft:cooked_beef":5,"minecraft:emerald":114,"minecraft:cooked_porkchop":1,"minecraft:diamond_axe":1,"minecraft:crafting_table":4,"minecraft:spruce_planks":1588,"minecraft:wooden_pickaxe":3,"minecraft:fletching_table":1,"minecraft:bucket":2,"minecraft:stone_axe":2,"minecraft:air":0,"minecraft:apple":36,"minecraft:spruce_trapdoor":4,"minecraft:iron_chestplate":1,"minecraft:shield":1,"minecraft:stick":3156,"minecraft:iron_ingot":22,"minecraft:iron_pickaxe":2,"minecraft:iron_leggings":1,"minecraft:composter":2,"minecraft:diamond_chestplate":1},"minecraft:picked_up":{"minecraft:crafting_table":7,"minecraft:wheat":64,"minecraft:diamond_sword":2,"minecraft:string":4,"minecraft:flint_and_steel":1,"minecraft:iron_leggings":1,"minecraft:cobbled_deepslate":44,"minecraft:beef":36,"minecraft:light_gray_wool":2,"minecraft:poppy":6,"minecraft:iron_pickaxe":1,"minecraft:sugar_cane":8,"minecraft:spruce_trapdoor":1,"minecraft:egg":4,"minecraft:furnace":2,"minecraft:iron_boots":1,"minecraft:stick":26,"minecraft:raw_iron":116,"minecraft:oak_door":1,"minecraft:composter":2,"minecraft:torch":4,"minecraft:porkchop":3,"minecraft:cookie":24,"minecraft:carrot":47,"minecraft:rotten_flesh":18,"minecraft:arrow":1,"minecraft:hay_block":49,"minecraft:mutton":5,"minecraft:cobblestone":180,"minecraft:white_wool":3,"minecraft:magma_block":1,"minecraft:cooked_beef":2,"minecraft:andesite":3,"minecraft:leather":18,"minecraft:potato":11,"minecraft:flint":2,"minecraft:tuff":2,"minecraft:oak_log":23,"minecraft:yellow_bed":11,"minecraft:gunpowder":1,"minecraft:dirt":61,"minecraft:cooked_mutton":1,"minecraft:bone":3,"minecraft:wheat_seeds":12,"minecraft:bell":5,"minecraft:iron_ingot":24,"minecraft:oak_planks":8,"minecraft:gravel":7,"minecraft:sand":2,"minecraft:stripped_spruce_log":1,"minecraft:spruce_sapling":33,"minecraft:blast_furnace":4,"minecraft:white_bed":5,"minecraft:spruce_log":399,"minecraft:spider_eye":2,"minecraft:diamond":21,"minecraft:spruce_boat":6,"minecraft:iron_helmet":1,"minecraft:granite":1,"minecraft:bread":9,"minecraft:coal":45},"minecraft:broken":{"minecraft:stone_axe":1},"minecraft:killed":{"minecraft:zombified_piglin":1,"minecraft:spider":9,"minecraft:skeleton":6,"minecraft:drowned":1,"minecraft:pig":3,"minecraft:zombie_villager":1,"minecraft:iron_golem":5,"minecraft:creeper":2,"minecraft:sheep":2,"minecraft:zombie":16,"minecraft:cow":15},"minecraft:dropped":{"minecraft:bread":14,"minecraft:wheat_seeds":4,"minecraft:cooked_beef":1,"minecraft:cookie":48,"minecraft:granite":1,"minecraft:dirt":4,"minecraft:rotten_flesh":1,"minecraft:carrot":3,"minecraft:poppy":6},"minecraft:used":{"minecraft:spruce_slab":2,"minecraft:shield":40,"minecraft:iron_sword":33,"minecraft:bell":5,"minecraft:rotten_flesh":3,"minecraft:stone_hoe":85,"minecraft:oak_door":1,"minecraft:iron_chestplate":1,"minecraft:torch":3,"minecraft:dirt":24,"minecraft:mutton":2,"minecraft:carrot":40,"minecraft:spruce_boat":6,"minecraft:glass":3,"minecraft:lava_bucket":1,"minecraft:iron_axe":106,"minecraft:iron_helmet":2,"minecraft:iron_boots":1,"minecraft:light_gray_wool":2,"minecraft:magma_block":1,"minecraft:hay_block":3,"minecraft:furnace":3,"minecraft:egg":4,"minecraft:potato":11,"minecraft:cooked_beef":6,"minecraft:iron_leggings":3,"minecraft:cooked_mutton":3,"minecraft:water_bucket":122,"minecraft:stone_pickaxe":55,"minecraft:oak_planks":6,"minecraft:wooden_pickaxe":17,"minecraft:composter":4,"minecraft:diamond_axe":314,"minecraft:fletching_table":1,"minecraft:sugar_cane":8,"minecraft:cookie":41,"minecraft:white_wool":1,"minecraft:golden_apple":1,"minecraft:crafting_table":9,"minecraft:blast_furnace":2,"minecraft:white_bed":5,"minecraft:spruce_log":3,"minecraft:apple":3,"minecraft:bread":6,"minecraft:iron_pickaxe":276,"minecraft:spruce_trapdoor":3,"minecraft:gravel":7,"minecraft:spruce_sapling":33,"minecraft:stone_axe":99,"minecraft:diamond_sword":101,"minecraft:cobblestone":182,"minecraft:cooked_porkchop":1,"minecraft:bucket":126,"minecraft:yellow_bed":11,"minecraft:bone_meal":19},"minecraft:killed_by":{"minecraft:creeper":2,"minecraft:spider":1,"minecraft:drowned":1,"minecraft:skeleton":4,"minecraft:zombie":2},"minecraft:custom":{"minecraft:mob_kills":63,"minecraft:interact_with_crafting_table":32,"minecraft:bell_ring":80,"minecraft:leave_game":11,"minecraft:time_since_death":58978,"minecraft:climb_one_cm":1524,"minecraft:sprint_one_cm":453521,"minecraft:walk_one_cm":430215,"minecraft:damage_blocked_by_shield":1665,"minecraft:drop":82,"minecraft:talked_to_villager":74,"minecraft:play_time":243936,"minecraft:deaths":11,"minecraft:sneak_time":21764,"minecraft:walk_under_water_one_cm":66979,"minecraft:boat_one_cm":12552,"minecraft:jump":4600,"minecraft:interact_with_blast_furnace":8,"minecraft:walk_on_water_one_cm":117518,"minecraft:total_world_time":243936,"minecraft:interact_with_furnace":25,"minecraft:traded_with_villager":132,"minecraft:sleep_in_bed":9,"minecraft:time_since_rest":30068,"minecraft:damage_taken":4705,"minecraft:damage_absorbed":40,"minecraft:damage_dealt":12699,"minecraft:swim_one_cm":151827,"minecraft:fly_one_cm":892656,"minecraft:open_chest":49,"minecraft:crouch_one_cm":59790,"minecraft:fall_one_cm":126839,"minecraft:horse_one_cm":5358}},"DataVersion":3953}