{"stats":{"minecraft:crafted":{"minecraft:cookie":90,"minecraft:oak_planks":92,"minecraft:furnace":3,"minecraft:cooked_mutton":2,"minecraft:iron_boots":1,"minecraft:iron_axe":1,"minecraft:stone_pickaxe":3,"minecraft:stone_hoe":1,"minecraft:wheat":414,"minecraft:emerald":17,"minecraft:cooked_porkchop":1,"minecraft:crafting_table":4,"minecraft:wooden_pickaxe":3,"minecraft:fletching_table":1,"minecraft:bucket":1,"minecraft:stone_axe":2,"minecraft:air":0,"minecraft:apple":36,"minecraft:iron_chestplate":1,"minecraft:shield":1,"minecraft:stick":84,"minecraft:iron_ingot":22,"minecraft:iron_pickaxe":1,"minecraft:iron_leggings":1},"minecraft:used":{"minecraft:shield":40,"minecraft:bell":5,"minecraft:stone_hoe":49,"minecraft:rotten_flesh":2,"minecraft:iron_chestplate":1,"minecraft:oak_door":1,"minecraft:dirt":5,"minecraft:mutton":2,"minecraft:carrot":15,"minecraft:lava_bucket":1,"minecraft:iron_axe":2,"minecraft:iron_helmet":2,"minecraft:iron_boots":1,"minecraft:light_gray_wool":2,"minecraft:magma_block":1,"minecraft:hay_block":3,"minecraft:furnace":3,"minecraft:egg":4,"minecraft:cooked_beef":1,"minecraft:iron_leggings":3,"minecraft:cooked_mutton":3,"minecraft:water_bucket":112,"minecraft:stone_pickaxe":55,"minecraft:oak_planks":6,"minecraft:wooden_pickaxe":17,"minecraft:composter":2,"minecraft:fletching_table":1,"minecraft:sugar_cane":8,"minecraft:cookie":41,"minecraft:golden_apple":1,"minecraft:crafting_table":9,"minecraft:blast_furnace":2,"minecraft:white_bed":1,"minecraft:apple":3,"minecraft:bread":6,"minecraft:iron_pickaxe":231,"minecraft:gravel":7,"minecraft:stone_axe":99,"minecraft:diamond_sword":101,"minecraft:cobblestone":87,"minecraft:cooked_porkchop":1,"minecraft:bucket":115,"minecraft:yellow_bed":11},"minecraft:custom":{"minecraft:mob_kills":56,"minecraft:interact_with_crafting_table":25,"minecraft:bell_ring":80,"minecraft:leave_game":6,"minecraft:time_since_death":13768,"minecraft:climb_one_cm":1524,"minecraft:sprint_one_cm":330848,"minecraft:walk_one_cm":256009,"minecraft:damage_blocked_by_shield":1665,"minecraft:drop":69,"minecraft:talked_to_villager":16,"minecraft:play_time":135253,"minecraft:deaths":6,"minecraft:sneak_time":11643,"minecraft:walk_under_water_one_cm":53861,"minecraft:jump":3340,"minecraft:interact_with_blast_furnace":7,"minecraft:walk_on_water_one_cm":62588,"minecraft:total_world_time":135253,"minecraft:interact_with_furnace":12,"minecraft:traded_with_villager":31,"minecraft:sleep_in_bed":6,"minecraft:time_since_rest":13830,"minecraft:damage_taken":3040,"minecraft:damage_absorbed":40,"minecraft:damage_dealt":9809,"minecraft:fly_one_cm":670411,"minecraft:swim_one_cm":119476,"minecraft:open_chest":20,"minecraft:crouch_one_cm":34652,"minecraft:fall_one_cm":94533},"minecraft:broken":{"minecraft:stone_axe":1},"minecraft:dropped":{"minecraft:bread":14,"minecraft:wheat_seeds":2,"minecraft:cookie":48,"minecraft:granite":1,"minecraft:dirt":4},"minecraft:killed_by":{"minecraft:creeper":1,"minecraft:skeleton":2,"minecraft:zombie":2},"minecraft:killed":{"minecraft:spider":9,"minecraft:skeleton":6,"minecraft:drowned":1,"minecraft:pig":3,"minecraft:zombie_villager":1,"minecraft:iron_golem":1,"minecraft:creeper":2,"minecraft:sheep":2,"minecraft:zombie":15,"minecraft:cow":15},"minecraft:picked_up":{"minecraft:crafting_table":7,"minecraft:wheat":64,"minecraft:diamond_sword":2,"minecraft:string":4,"minecraft:flint_and_steel":1,"minecraft:iron_leggings":1,"minecraft:cobbled_deepslate":44,"minecraft:beef":36,"minecraft:iron_pickaxe":1,"minecraft:light_gray_wool":2,"minecraft:sugar_cane":8,"minecraft:egg":4,"minecraft:iron_boots":1,"minecraft:furnace":2,"minecraft:raw_iron":116,"minecraft:oak_door":1,"minecraft:composter":2,"minecraft:torch":1,"minecraft:porkchop":3,"minecraft:cookie":24,"minecraft:carrot":19,"minecraft:rotten_flesh":16,"minecraft:arrow":1,"minecraft:hay_block":49,"minecraft:mutton":4,"minecraft:cobblestone":136,"minecraft:white_wool":2,"minecraft:magma_block":1,"minecraft:cooked_beef":1,"minecraft:andesite":3,"minecraft:leather":18,"minecraft:flint":2,"minecraft:tuff":2,"minecraft:oak_log":23,"minecraft:yellow_bed":11,"minecraft:gunpowder":1,"minecraft:dirt":24,"minecraft:cooked_mutton":1,"minecraft:bone":3,"minecraft:wheat_seeds":5,"minecraft:bell":5,"minecraft:iron_ingot":8,"minecraft:oak_planks":8,"minecraft:gravel":7,"minecraft:blast_furnace":4,"minecraft:white_bed":1,"minecraft:spider_eye":2,"minecraft:diamond":21,"minecraft:iron_helmet":1,"minecraft:granite":1,"minecraft:bread":9,"minecraft:coal":45},"minecraft:mined":{"minecraft:tuff":1,"minecraft:white_bed":1,"minecraft:deepslate_diamond_ore":20,"minecraft:granite":1,"minecraft:grass_block":9,"minecraft:composter":2,"minecraft:spawner":2,"minecraft:hay_block":49,"minecraft:magma_block":1,"minecraft:furnace":2,"minecraft:iron_ore":53,"minecraft:cobbled_deepslate":4,"minecraft:andesite":3,"minecraft:bell":4,"minecraft:deepslate_iron_ore":23,"minecraft:dirt_path":1,"minecraft:stone":126,"minecraft:crafting_table":6,"minecraft:short_grass":52,"minecraft:blast_furnace":4,"minecraft:tall_grass":1,"minecraft:cobblestone":11,"minecraft:sugar_cane":6,"minecraft:oak_planks":5,"minecraft:yellow_bed":10,"minecraft:coal_ore":21,"minecraft:oak_log":23,"minecraft:gravel":9,"minecraft:dirt":8,"minecraft:oak_leaves":5,"minecraft:deepslate":14}},"DataVersion":3953}