{"stats":{"minecraft:mined":{"minecraft:tuff":1,"minecraft:white_bed":5,"minecraft:deepslate_diamond_ore":20,"minecraft:spruce_trapdoor":2,"minecraft:granite":1,"minecraft:grass_block":22,"minecraft:composter":3,"minecraft:spawner":2,"minecraft:hay_block":49,"minecraft:tall_seagrass":1,"minecraft:magma_block":1,"minecraft:spruce_sapling":1,"minecraft:furnace":2,"minecraft:carrots":9,"minecraft:iron_ore":53,"minecraft:cobbled_deepslate":4,"minecraft:andesite":3,"minecraft:stripped_spruce_log":1,"minecraft:bell":4,"minecraft:potatoes":3,"minecraft:deepslate_iron_ore":23,"minecraft:dirt_path":1,"minecraft:stone":420,"minecraft:podzol":5,"minecraft:crafting_table":6,"minecraft:short_grass":82,"minecraft:blast_furnace":4,"minecraft:tall_grass":5,"minecraft:cobblestone":34,"minecraft:sugar_cane":6,"minecraft:oak_planks":5,"minecraft:spruce_log":477,"minecraft:yellow_bed":10,"minecraft:oak_log":23,"minecraft:coal_ore":21,"minecraft:gravel":9,"minecraft:sand":2,"minecraft:dirt":30,"minecraft:oak_leaves":5,"minecraft:deepslate":14},"minecraft:broken":{"minecraft:stone_axe":1},"minecraft:custom":{"minecraft:mob_kills":66,"minecraft:interact_with_crafting_table":33,"minecraft:bell_ring":80,"minecraft:leave_game":14,"minecraft:time_since_death":109949,"minecraft:climb_one_cm":1524,"minecraft:sprint_one_cm":501593,"minecraft:walk_one_cm":499579,"minecraft:damage_blocked_by_shield":1665,"minecraft:drop":82,"minecraft:talked_to_villager":81,"minecraft:play_time":294907,"minecraft:deaths":11,"minecraft:sneak_time":26111,"minecraft:walk_under_water_one_cm":68644,"minecraft:boat_one_cm":12552,"minecraft:jump":5190,"minecraft:interact_with_blast_furnace":8,"minecraft:walk_on_water_one_cm":118574,"minecraft:total_world_time":294907,"minecraft:interact_with_furnace":26,"minecraft:traded_with_villager":157,"minecraft:sleep_in_bed":11,"minecraft:time_since_rest":5484,"minecraft:damage_taken":4968,"minecraft:damage_absorbed":40,"minecraft:damage_dealt":14952,"minecraft:swim_one_cm":151827,"minecraft:fly_one_cm":1006824,"minecraft:open_chest":62,"minecraft:crouch_one_cm":78523,"minecraft:fall_one_cm":142530,"minecraft:horse_one_cm":5358},"minecraft:used":{"minecraft:spruce_slab":2,"minecraft:shield":40,"minecraft:iron_sword":56,"minecraft:bell":5,"minecraft:rotten_flesh":6,"minecraft:stone_hoe":89,"minecraft:oak_door":1,"minecraft:iron_chestplate":1,"minecraft:torch":3,"minecraft:dirt":26,"minecraft:mutton":2,"minecraft:carrot":40,"minecraft:glass":3,"minecraft:spruce_boat":8,"minecraft:lava_bucket":1,"minecraft:iron_axe":114,"minecraft:iron_helmet":2,"minecraft:iron_boots":1,"minecraft:golden_carrot":3,"minecraft:light_gray_wool":2,"minecraft:magma_block":1,"minecraft:hay_block":3,"minecraft:furnace":3,"minecraft:egg":4,"minecraft:potato":12,"minecraft:cooked_beef":6,"minecraft:iron_leggings":3,"minecraft:cooked_mutton":3,"minecraft:water_bucket":133,"minecraft:stone_pickaxe":55,"minecraft:oak_planks":6,"minecraft:wooden_pickaxe":17,"minecraft:composter":4,"minecraft:diamond_axe":396,"minecraft:fletching_table":1,"minecraft:sugar_cane":8,"minecraft:cookie":41,"minecraft:white_wool":1,"minecraft:golden_apple":1,"minecraft:crafting_table":9,"minecraft:blast_furnace":2,"minecraft:white_bed":5,"minecraft:spruce_log":5,"minecraft:diamond_pickaxe":260,"minecraft:apple":3,"minecraft:bread":6,"minecraft:iron_pickaxe":289,"minecraft:suspicious_stew":2,"minecraft:spruce_trapdoor":5,"minecraft:gravel":7,"minecraft:spruce_sapling":33,"minecraft:stone_axe":99,"minecraft:diamond_sword":101,"minecraft:cobblestone":196,"minecraft:cooked_porkchop":1,"minecraft:bucket":137,"minecraft:yellow_bed":11,"minecraft:bone_meal":19},"minecraft:dropped":{"minecraft:bread":14,"minecraft:wheat_seeds":4,"minecraft:cooked_beef":1,"minecraft:cookie":48,"minecraft:granite":1,"minecraft:dirt":4,"minecraft:rotten_flesh":1,"minecraft:carrot":3,"minecraft:poppy":6},"minecraft:picked_up":{"minecraft:crafting_table":7,"minecraft:wheat":64,"minecraft:diamond_sword":2,"minecraft:string":4,"minecraft:flint_and_steel":1,"minecraft:iron_leggings":1,"minecraft:cobbled_deepslate":44,"minecraft:beef":36,"minecraft:light_gray_wool":2,"minecraft:poppy":6,"minecraft:iron_pickaxe":1,"minecraft:sugar_cane":8,"minecraft:spruce_trapdoor":2,"minecraft:furnace":2,"minecraft:egg":4,"minecraft:iron_boots":1,"minecraft:stick":28,"minecraft:raw_iron":116,"minecraft:oak_door":1,"minecraft:composter":3,"minecraft:torch":4,"minecraft:porkchop":3,"minecraft:cookie":24,"minecraft:carrot":48,"minecraft:rotten_flesh":18,"minecraft:arrow":1,"minecraft:hay_block":49,"minecraft:mutton":5,"minecraft:cobblestone":453,"minecraft:white_wool":3,"minecraft:magma_block":1,"minecraft:cooked_beef":2,"minecraft:andesite":3,"minecraft:leather":18,"minecraft:potato":12,"minecraft:flint":2,"minecraft:tuff":2,"minecraft:oak_log":23,"minecraft:yellow_bed":11,"minecraft:gunpowder":1,"minecraft:dirt":64,"minecraft:cooked_mutton":1,"minecraft:bone":3,"minecraft:wheat_seeds":12,"minecraft:bell":5,"minecraft:iron_ingot":32,"minecraft:oak_planks":8,"minecraft:gravel":7,"minecraft:sand":2,"minecraft:stripped_spruce_log":1,"minecraft:spruce_sapling":35,"minecraft:blast_furnace":4,"minecraft:white_bed":5,"minecraft:spruce_log":475,"minecraft:spider_eye":2,"minecraft:diamond":21,"minecraft:spruce_boat":7,"minecraft:iron_helmet":1,"minecraft:granite":1,"minecraft:bread":9,"minecraft:coal":45},"minecraft:crafted":{"minecraft:golden_carrot":12,"minecraft:cookie":90,"minecraft:oak_planks":92,"minecraft:furnace":3,"minecraft:cooked_mutton":2,"minecraft:glass":3,"minecraft:diamond_helmet":1,"minecraft:diamond_leggings":1,"minecraft:iron_boots":1,"minecraft:iron_axe":1,"minecraft:spruce_slab":18,"minecraft:stone_pickaxe":3,"minecraft:diamond_boots":1,"minecraft:spruce_boat":2,"minecraft:stone_hoe":2,"minecraft:wheat":414,"minecraft:cooked_beef":5,"minecraft:emerald":134,"minecraft:cooked_porkchop":1,"minecraft:diamond_axe":1,"minecraft:crafting_table":4,"minecraft:spruce_planks":1884,"minecraft:wooden_pickaxe":3,"minecraft:fletching_table":1,"minecraft:bucket":2,"minecraft:stone_axe":2,"minecraft:air":0,"minecraft:apple":36,"minecraft:spruce_trapdoor":4,"minecraft:iron_chestplate":1,"minecraft:diamond_pickaxe":1,"minecraft:shield":1,"minecraft:stick":3788,"minecraft:iron_ingot":22,"minecraft:iron_pickaxe":2,"minecraft:iron_leggings":1,"minecraft:composter":2,"minecraft:diamond_chestplate":1},"minecraft:killed_by":{"minecraft:creeper":2,"minecraft:spider":1,"minecraft:drowned":1,"minecraft:skeleton":4,"minecraft:zombie":2},"minecraft:killed":{"minecraft:zombified_piglin":1,"minecraft:spider":9,"minecraft:skeleton":6,"minecraft:drowned":1,"minecraft:pig":3,"minecraft:zombie_villager":1,"minecraft:iron_golem":7,"minecraft:creeper":2,"minecraft:sheep":2,"minecraft:zombie":17,"minecraft:cow":15}},"DataVersion":3953}