{"stats":{"minecraft:crafted":{"minecraft:crafting_table":1,"minecraft:oak_planks":20,"minecraft:stick":12,"minecraft:wooden_pickaxe":1,"minecraft:stone_pickaxe":1},"minecraft:used":{"minecraft:wooden_pickaxe":8,"minecraft:crafting_table":1},"minecraft:custom":{"minecraft:jump":21,"minecraft:time_since_rest":1902,"minecraft:crouch_one_cm":1082,"minecraft:sprint_one_cm":1669,"minecraft:play_time":1902,"minecraft:damage_taken":20,"minecraft:time_since_death":1902,"minecraft:walk_one_cm":5345,"minecraft:sneak_time":435,"minecraft:total_world_time":1902,"minecraft:interact_with_crafting_table":2,"minecraft:fall_one_cm":404,"minecraft:fly_one_cm":3104},"minecraft:picked_up":{"minecraft:oak_log":5,"minecraft:cobblestone":8},"minecraft:mined":{"minecraft:stone":8,"minecraft:oak_log":5}},"DataVersion":3953}