{"stats":{"minecraft:picked_up":{"minecraft:end_stone":2,"minecraft:gunpowder":2,"minecraft:iron_axe":1},"minecraft:killed":{"minecraft:creeper":1,"minecraft:zombie":1},"minecraft:custom":{"minecraft:jump":123,"minecraft:open_chest":7,"minecraft:time_since_rest":7176,"minecraft:damage_dealt":396,"minecraft:crouch_one_cm":228,"minecraft:leave_game":2,"minecraft:play_time":7176,"minecraft:sprint_one_cm":11315,"minecraft:damage_taken":20,"minecraft:time_since_death":7176,"minecraft:walk_one_cm":6205,"minecraft:sneak_time":208,"minecraft:total_world_time":7176,"minecraft:mob_kills":2,"minecraft:talked_to_villager":1,"minecraft:fall_one_cm":902,"minecraft:fly_one_cm":77559}},"DataVersion":3953}