{"stats":{"minecraft:mined":{"minecraft:dragon_wall_head":1,"minecraft:blue_carpet":2,"minecraft:spruce_planks":588,"minecraft:white_bed":6,"minecraft:brewing_stand":3,"minecraft:obsidian":32,"minecraft:spruce_trapdoor":5,"minecraft:granite":173,"minecraft:grass_block":220,"minecraft:purpur_slab":7,"minecraft:diorite_stairs":3,"minecraft:hopper":4,"minecraft:tuff_bricks":7,"minecraft:nether_wart":20,"minecraft:spawner":1,"minecraft:iron_ore":98,"minecraft:fire":49,"minecraft:deepslate_lapis_ore":7,"minecraft:fletching_table":4,"minecraft:enchanting_table":2,"minecraft:dirt_path":75,"minecraft:iron_bars":37,"minecraft:end_stone_bricks":10,"minecraft:spruce_slab":341,"minecraft:deepslate_redstone_ore":6,"minecraft:smoker":6,"minecraft:purpur_stairs":1,"minecraft:torch":3,"minecraft:chest":7,"minecraft:nether_quartz_ore":3,"minecraft:cobblestone":146,"minecraft:oak_planks":41,"minecraft:sugar_cane":50,"minecraft:waxed_chiseled_copper":5,"minecraft:wall_torch":2,"minecraft:cauldron":3,"minecraft:wheat":2,"minecraft:waxed_copper_block":3,"minecraft:purpur_block":4,"minecraft:stone_brick_stairs":13,"minecraft:smooth_stone_slab":3,"minecraft:oak_log":44,"minecraft:diorite_wall":6,"minecraft:dirt":434,"minecraft:infested_cracked_stone_bricks":1,"minecraft:blue_shulker_box":12,"minecraft:stonecutter":5,"minecraft:netherrack":106,"minecraft:oak_leaves":6,"minecraft:deepslate":236,"minecraft:nether_gold_ore":6,"minecraft:diamond_ore":8,"minecraft:tuff":4,"minecraft:deepslate_diamond_ore":53,"minecraft:oak_door":1,"minecraft:end_stone":263,"minecraft:spruce_fence":1,"minecraft:decorated_pot":5,"minecraft:spruce_leaves":762,"minecraft:large_fern":5,"minecraft:spruce_sapling":17,"minecraft:furnace":8,"minecraft:snow":19,"minecraft:andesite":137,"minecraft:stripped_spruce_log":299,"minecraft:bell":1,"minecraft:nether_brick_fence":3,"minecraft:bookshelf":210,"minecraft:potatoes":186,"minecraft:deepslate_iron_ore":37,"minecraft:lantern":1,"minecraft:packed_ice":16,"minecraft:stone":1260,"minecraft:waxed_weathered_copper_bulb":2,"minecraft:bone_block":16,"minecraft:podzol":8,"minecraft:glass_pane":8,"minecraft:soul_sand":20,"minecraft:infested_stone_bricks":18,"minecraft:stone_brick_slab":2,"minecraft:spruce_door":4,"minecraft:crafting_table":2,"minecraft:short_grass":6,"minecraft:lectern":196,"minecraft:purpur_pillar":3,"minecraft:copper_ore":7,"minecraft:lapis_ore":8,"minecraft:diorite":244,"minecraft:spruce_stairs":40,"minecraft:cobblestone_wall":10,"minecraft:stripped_spruce_wood":108,"minecraft:ice":12,"minecraft:spruce_log":2889,"minecraft:birch_leaves":1,"minecraft:coal_ore":79,"minecraft:end_rod":3,"minecraft:gravel":161,"minecraft:cobweb":27,"minecraft:cracked_stone_bricks":99,"minecraft:spruce_fence_gate":2,"minecraft:stone_bricks":268,"minecraft:mossy_stone_bricks":159,"minecraft:gold_ore":8},"minecraft:custom":{"minecraft:interact_with_crafting_table":111,"minecraft:open_barrel":1,"minecraft:open_shulker_box":105,"minecraft:leave_game":23,"minecraft:time_since_death":409270,"minecraft:sprint_one_cm":2013290,"minecraft:damage_blocked_by_shield":3336,"minecraft:drop":498,"minecraft:talked_to_villager":535,"minecraft:play_time":744480,"minecraft:deaths":2,"minecraft:jump":10672,"minecraft:interact_with_brewingstand":4,"minecraft:walk_on_water_one_cm":83988,"minecraft:enchant_item":1,"minecraft:interact_with_furnace":208,"minecraft:traded_with_villager":899,"minecraft:sleep_in_bed":36,"minecraft:open_enderchest":68,"minecraft:damage_dealt":30740,"minecraft:crouch_one_cm":353029,"minecraft:interact_with_smoker":5,"minecraft:inspect_dispenser":8,"minecraft:interact_with_anvil":13,"minecraft:mob_kills":163,"minecraft:inspect_hopper":12,"minecraft:climb_one_cm":8202,"minecraft:walk_one_cm":1685418,"minecraft:sneak_time":84919,"minecraft:walk_under_water_one_cm":85315,"minecraft:boat_one_cm":119044,"minecraft:interact_with_blast_furnace":3,"minecraft:total_world_time":744480,"minecraft:interact_with_stonecutter":4,"minecraft:time_since_rest":12059,"minecraft:damage_taken":10297,"minecraft:swim_one_cm":118778,"minecraft:fly_one_cm":2688353,"minecraft:open_chest":340,"minecraft:aviate_one_cm":428026,"minecraft:fall_one_cm":200026},"minecraft:broken":{"minecraft:iron_shovel":3,"minecraft:diamond_helmet":1,"minecraft:shears":2,"minecraft:stone_pickaxe":1,"minecraft:bow":1,"minecraft:shield":1,"minecraft:diamond_axe":2,"minecraft:iron_pickaxe":2},"minecraft:used":{"minecraft:iron_shovel":807,"minecraft:spruce_slab":896,"minecraft:ladder":53,"minecraft:shield":50,"minecraft:chest":19,"minecraft:iron_sword":97,"minecraft:rotten_flesh":20,"minecraft:spruce_leaves":528,"minecraft:snowball":10,"minecraft:stripped_spruce_log":2,"minecraft:spruce_boat":6,"minecraft:lava_bucket":12,"minecraft:lantern":8,"minecraft:stone_brick_stairs":8,"minecraft:stone_bricks":274,"minecraft:red_carpet":3,"minecraft:bow":63,"minecraft:sweet_berries":12,"minecraft:blue_shulker_box":13,"minecraft:furnace":18,"minecraft:egg":3,"minecraft:potato":240,"minecraft:stripped_spruce_wood":2,"minecraft:diorite":134,"minecraft:diamond_boots":1,"minecraft:mossy_stone_bricks":72,"minecraft:end_rod":3,"minecraft:end_stone_bricks":10,"minecraft:spruce_door":10,"minecraft:waxed_weathered_copper_bulb":2,"minecraft:chorus_fruit":4,"minecraft:stone_pickaxe":145,"minecraft:ender_pearl":43,"minecraft:wooden_pickaxe":28,"minecraft:composter":1,"minecraft:sugar_cane":5,"minecraft:diamond_axe":4793,"minecraft:purpur_pillar":2,"minecraft:cookie":89,"minecraft:purpur_stairs":1,"minecraft:lingering_potion":1,"minecraft:end_stone":211,"minecraft:shears":586,"minecraft:firework_rocket":9,"minecraft:bread":94,"minecraft:lectern":198,"minecraft:gravel":93,"minecraft:diamond_sword":542,"minecraft:andesite":35,"minecraft:oak_boat":5,"minecraft:bone_meal":75,"minecraft:purpur_block":2,"minecraft:iron_bars":20,"minecraft:enchanting_table":2,"minecraft:stone_sword":2,"minecraft:flint_and_steel":14,"minecraft:armor_stand":2,"minecraft:spruce_planks":92,"minecraft:ender_chest":3,"minecraft:trial_key":1,"minecraft:stone_hoe":55,"minecraft:cooked_chicken":3,"minecraft:netherrack":81,"minecraft:torch":41,"minecraft:brewing_stand":4,"minecraft:dirt":109,"minecraft:anvil":1,"minecraft:white_carpet":6,"minecraft:hopper":6,"minecraft:spruce_stairs":16,"minecraft:granite":75,"minecraft:stone_brick_slab":7,"minecraft:bookshelf":30,"minecraft:iron_axe":92,"minecraft:iron_boots":1,"minecraft:diamond_chestplate":1,"minecraft:golden_carrot":29,"minecraft:goat_horn":3,"minecraft:minecart":3,"minecraft:cooked_beef":5,"minecraft:cobbled_deepslate":100,"minecraft:wheat_seeds":6,"minecraft:cooked_mutton":17,"minecraft:water_bucket":109,"minecraft:baked_potato":9,"minecraft:cauldron":5,"minecraft:fletching_table":6,"minecraft:stonecutter":5,"minecraft:cracked_stone_bricks":42,"minecraft:rail":1,"minecraft:crafting_table":14,"minecraft:white_bed":12,"minecraft:spruce_log":123,"minecraft:smoker":6,"minecraft:oak_log":1,"minecraft:ender_eye":19,"minecraft:diamond_pickaxe":3056,"minecraft:apple":3,"minecraft:iron_pickaxe":500,"minecraft:suspicious_stew":2,"minecraft:purpur_slab":4,"minecraft:spruce_trapdoor":16,"minecraft:spruce_sapling":151,"minecraft:stone_axe":53,"minecraft:blue_carpet":4,"minecraft:cobblestone":691,"minecraft:potion":2,"minecraft:cooked_porkchop":1,"minecraft:bucket":125,"minecraft:pumpkin_pie":48,"minecraft:diamond_leggings":1,"minecraft:splash_potion":5},"minecraft:dropped":{"minecraft:iron_sword":1,"minecraft:short_grass":1,"minecraft:diamond_axe":1,"minecraft:cooked_beef":4,"minecraft:chorus_fruit":8,"minecraft:glass_bottle":1,"minecraft:cookie":79,"minecraft:leather":1,"minecraft:cracked_stone_bricks":3,"minecraft:saddle":2,"minecraft:dragon_breath":1,"minecraft:flint":1,"minecraft:dirt":335,"minecraft:snowball":62,"minecraft:pumpkin_pie":2,"minecraft:bone_meal":6,"minecraft:sand":17,"minecraft:iron_pickaxe":2,"minecraft:gold_ingot":2,"minecraft:oak_door":1,"minecraft:gravel":21,"minecraft:stone_axe":3,"minecraft:purpur_block":2,"minecraft:goat_horn":1,"minecraft:sugar_cane":51,"minecraft:iron_nugget":4,"minecraft:cobbled_deepslate":135,"minecraft:wheat":2,"minecraft:obsidian":3,"minecraft:diorite_stairs":8,"minecraft:rotten_flesh":14,"minecraft:oak_planks":10,"minecraft:end_stone":33,"minecraft:cooked_mutton":1,"minecraft:nether_brick_fence":6,"minecraft:leather_chestplate":1,"minecraft:tipped_arrow":1,"minecraft:gunpowder":5,"minecraft:diorite_wall":9,"minecraft:chest":1,"minecraft:spruce_slab":39,"minecraft:iron_bars":3,"minecraft:arrow":29,"minecraft:glass":26,"minecraft:stone_brick_stairs":3,"minecraft:quartz":104,"minecraft:netherrack":168,"minecraft:enchanted_book":2,"minecraft:iron_ingot":10,"minecraft:bread":45,"minecraft:stripped_spruce_log":1,"minecraft:wheat_seeds":1,"minecraft:golden_horse_armor":2,"minecraft:diamond_leggings":1,"minecraft:poisonous_potato":1,"minecraft:purpur_slab":1,"minecraft:iron_helmet":2,"minecraft:cobblestone":109,"minecraft:granite":71,"minecraft:spruce_door":6,"minecraft:spruce_stairs":61,"minecraft:coal":2,"minecraft:stick":2,"minecraft:spruce_fence_gate":1,"minecraft:diorite":143,"minecraft:golden_carrot":15,"minecraft:iron_leggings":4,"minecraft:iron_axe":3,"minecraft:blue_carpet":2,"minecraft:spruce_sapling":4,"minecraft:stone_brick_slab":1,"minecraft:tuff_bricks":7,"minecraft:stone_sword":3,"minecraft:cobblestone_wall":14,"minecraft:bowl":3,"minecraft:stone_shovel":1,"minecraft:iron_boots":3,"minecraft:spruce_fence":1,"minecraft:suspicious_stew":7,"minecraft:potato":177,"minecraft:stone":1,"minecraft:shield":1,"minecraft:diamond_chestplate":1,"minecraft:spruce_planks":63,"minecraft:dragon_egg":1,"minecraft:diamond_pickaxe":2,"minecraft:iron_chestplate":5,"minecraft:andesite":115,"minecraft:mossy_stone_bricks":6,"minecraft:oak_boat":2,"minecraft:stone_bricks":4,"minecraft:waxed_chiseled_copper":1,"minecraft:bow":24,"minecraft:wooden_pickaxe":5},"minecraft:picked_up":{"minecraft:shulker_shell":2,"minecraft:iron_chestplate":4,"minecraft:wheat":2,"minecraft:nether_brick_fence":6,"minecraft:suspicious_stew":2,"minecraft:diamond_sword":3,"minecraft:potion":2,"minecraft:enchanted_book":3,"minecraft:stone_brick_stairs":14,"minecraft:brewing_stand":3,"minecraft:string":30,"minecraft:raw_copper":23,"minecraft:smooth_stone_slab":3,"minecraft:iron_leggings":5,"minecraft:armor_stand":2,"minecraft:diamond_leggings":4,"minecraft:gold_nugget":29,"minecraft:cobbled_deepslate":414,"minecraft:spruce_planks":589,"minecraft:eye_armor_trim_smithing_template":2,"minecraft:trial_key":2,"minecraft:ender_eye":6,"minecraft:iron_pickaxe":3,"minecraft:iron_boots":4,"minecraft:furnace":8,"minecraft:tipped_arrow":2,"minecraft:stick":144,"minecraft:torch":27,"minecraft:purpur_pillar":2,"minecraft:spruce_stairs":77,"minecraft:waxed_weathered_copper_bulb":2,"minecraft:diorite":419,"minecraft:cauldron":3,"minecraft:goat_horn":2,"minecraft:stone_sword":2,"minecraft:rotten_flesh":30,"minecraft:end_rod":3,"minecraft:blaze_rod":22,"minecraft:obsidian":39,"minecraft:iron_bars":71,"minecraft:snowball":55,"minecraft:cobblestone":1423,"minecraft:enchanting_table":2,"minecraft:leather_chestplate":1,"minecraft:cooked_beef":17,"minecraft:water_bucket":3,"minecraft:andesite":184,"minecraft:smoker":6,"minecraft:potato":496,"minecraft:flint":10,"minecraft:stripped_spruce_wood":107,"minecraft:lapis_lazuli":92,"minecraft:dirt":759,"minecraft:lantern":9,"minecraft:glass":39,"minecraft:bone":84,"minecraft:bow":20,"minecraft:stonecutter":5,"minecraft:wheat_seeds":7,"minecraft:raw_gold":13,"minecraft:bell":1,"minecraft:mossy_stone_bricks":160,"minecraft:fletching_table":4,"minecraft:diamond_helmet":2,"minecraft:oak_planks":55,"minecraft:diorite_wall":8,"minecraft:poisonous_potato":1,"minecraft:waxed_chiseled_copper":5,"minecraft:sand":17,"minecraft:stripped_spruce_log":298,"minecraft:spruce_fence_gate":1,"minecraft:diamond":90,"minecraft:spruce_boat":5,"minecraft:granite":195,"minecraft:crossbow":3,"minecraft:breeze_rod":3,"minecraft:bone_meal":18,"minecraft:emerald":77,"minecraft:golden_horse_armor":2,"minecraft:bread":42,"minecraft:netherrack":288,"minecraft:chorus_fruit":12,"minecraft:diamond_pickaxe":5,"minecraft:end_stone_bricks":10,"minecraft:spruce_leaves":528,"minecraft:crafting_table":2,"minecraft:ladder":1,"minecraft:nether_wart":60,"minecraft:wooden_pickaxe":4,"minecraft:purpur_block":4,"minecraft:brick":16,"minecraft:shield":3,"minecraft:dragon_breath":1,"minecraft:elytra":1,"minecraft:iron_axe":5,"minecraft:flint_and_steel":5,"minecraft:iron_shovel":2,"minecraft:cracked_stone_bricks":93,"minecraft:beef":11,"minecraft:oak_boat":6,"minecraft:iron_nugget":3,"minecraft:spruce_slab":628,"minecraft:minecart":2,"minecraft:lectern":196,"minecraft:blue_shulker_box":12,"minecraft:sugar_cane":160,"minecraft:chest":8,"minecraft:spruce_trapdoor":4,"minecraft:egg":3,"minecraft:raw_iron":134,"minecraft:end_stone":244,"minecraft:oak_door":1,"minecraft:bowl":1,"minecraft:spruce_fence":1,"minecraft:cookie":27,"minecraft:redstone":25,"minecraft:blue_carpet":6,"minecraft:arrow":129,"minecraft:diamond_chestplate":5,"minecraft:decorated_pot":3,"minecraft:pumpkin_pie":41,"minecraft:diamond_boots":2,"minecraft:purpur_slab":5,"minecraft:hay_block":56,"minecraft:saddle":2,"minecraft:gold_ingot":4,"minecraft:tuff_bricks":7,"minecraft:mutton":18,"minecraft:bone_block":15,"minecraft:white_wool":15,"minecraft:golden_carrot":17,"minecraft:leather":5,"minecraft:purpur_stairs":1,"minecraft:oak_log":59,"minecraft:waxed_copper_block":3,"minecraft:cobblestone_wall":14,"minecraft:gunpowder":11,"minecraft:diorite_stairs":6,"minecraft:cooked_mutton":2,"minecraft:red_carpet":3,"minecraft:stone_bricks":251,"minecraft:iron_ingot":59,"minecraft:cooked_chicken":4,"minecraft:glass_bottle":1,"minecraft:soul_sand":40,"minecraft:book":657,"minecraft:sweet_berries":12,"minecraft:stone_brick_slab":2,"minecraft:quartz":156,"minecraft:gravel":158,"minecraft:lava_bucket":2,"minecraft:spruce_sapling":272,"minecraft:white_bed":6,"minecraft:spruce_log":2857,"minecraft:spruce_door":11,"minecraft:dragon_egg":1,"minecraft:stone_axe":3,"minecraft:short_grass":1,"minecraft:iron_helmet":3,"minecraft:diamond_axe":3,"minecraft:baked_potato":12,"minecraft:coal":88,"minecraft:hopper":4,"minecraft:ender_pearl":11},"minecraft:crafted":{"minecraft:oak_planks":152,"minecraft:blaze_powder":18,"minecraft:cooked_chicken":1,"minecraft:stone":149,"minecraft:bookshelf":32,"minecraft:shulker_box":1,"minecraft:cooked_mutton":16,"minecraft:suspicious_stew":7,"minecraft:glass":72,"minecraft:hopper":2,"minecraft:stone_brick_slab":6,"minecraft:bow":10,"minecraft:diamond_helmet":1,"minecraft:diamond_leggings":1,"minecraft:iron_boots":1,"minecraft:chest":14,"minecraft:rail":16,"minecraft:stone_hoe":1,"minecraft:ender_eye":17,"minecraft:name_tag":1,"minecraft:emerald":686,"minecraft:arrow":64,"minecraft:cooked_porkchop":1,"minecraft:diamond_axe":4,"minecraft:crafting_table":12,"minecraft:spruce_planks":11098,"minecraft:wooden_pickaxe":1,"minecraft:iron_helmet":1,"minecraft:fletching_table":2,"minecraft:brewing_stand":1,"minecraft:spruce_trapdoor":12,"minecraft:lectern":2,"minecraft:iron_chestplate":2,"minecraft:book":4,"minecraft:paper":36,"minecraft:diamond_pickaxe":2,"minecraft:shield":2,"minecraft:stick":21611,"minecraft:iron_ingot":113,"minecraft:iron_pickaxe":2,"minecraft:iron_block":3,"minecraft:gold_ingot":9,"minecraft:composter":1,"minecraft:shears":3,"minecraft:golden_carrot":36,"minecraft:cookie":144,"minecraft:redstone":40,"minecraft:stone_shovel":1,"minecraft:iron_nugget":1,"minecraft:furnace":10,"minecraft:bone_meal":66,"minecraft:blue_shulker_box":1,"minecraft:white_carpet":6,"minecraft:lantern":12,"minecraft:iron_axe":1,"minecraft:ladder":63,"minecraft:spruce_slab":424,"minecraft:ender_pearl":49,"minecraft:stone_pickaxe":2,"minecraft:diamond_boots":1,"minecraft:spruce_boat":3,"minecraft:minecart":1,"minecraft:diamond_sword":1,"minecraft:enchanting_table":1,"minecraft:iron_sword":1,"minecraft:bucket":5,"minecraft:stone_axe":1,"minecraft:glowstone":8,"minecraft:enchanted_book":2,"minecraft:air":0,"minecraft:bread":120,"minecraft:blue_dye":1,"minecraft:oak_boat":2,"minecraft:white_wool":5,"minecraft:iron_shovel":3,"minecraft:iron_leggings":1,"minecraft:anvil":1,"minecraft:white_bed":6,"minecraft:pumpkin_pie":48,"minecraft:torch":20,"minecraft:lapis_lazuli":14,"minecraft:firework_rocket":12,"minecraft:diamond_chestplate":1,"minecraft:ender_chest":3},"minecraft:killed_by":{"minecraft:blaze":1,"minecraft:ender_dragon":1},"minecraft:killed":{"minecraft:spider":2,"minecraft:shulker":8,"minecraft:skeleton":40,"minecraft:silverfish":19,"minecraft:piglin":4,"minecraft:ender_dragon":1,"minecraft:creeper":5,"minecraft:sheep":12,"minecraft:zombie":34,"minecraft:stray":3,"minecraft:blaze":14,"minecraft:cow":4,"minecraft:breeze":1,"minecraft:wither_skeleton":3,"minecraft:enderman":10}},"DataVersion":3953}