{"stats":{"minecraft:crafted":{"minecraft:ender_chest":1,"minecraft:oak_planks":152,"minecraft:blaze_powder":16,"minecraft:cooked_chicken":1,"minecraft:stone":1,"minecraft:bookshelf":1,"minecraft:cooked_mutton":16,"minecraft:suspicious_stew":7,"minecraft:bow":10,"minecraft:diamond_helmet":1,"minecraft:diamond_leggings":1,"minecraft:iron_boots":1,"minecraft:chest":4,"minecraft:stone_hoe":1,"minecraft:ender_eye":15,"minecraft:emerald":307,"minecraft:arrow":64,"minecraft:cooked_porkchop":1,"minecraft:diamond_axe":3,"minecraft:crafting_table":10,"minecraft:spruce_planks":4312,"minecraft:wooden_pickaxe":1,"minecraft:iron_helmet":1,"minecraft:fletching_table":2,"minecraft:brewing_stand":1,"minecraft:spruce_trapdoor":2,"minecraft:lectern":1,"minecraft:iron_chestplate":2,"minecraft:book":4,"minecraft:paper":12,"minecraft:diamond_pickaxe":2,"minecraft:shield":2,"minecraft:stick":9612,"minecraft:iron_ingot":107,"minecraft:iron_pickaxe":2,"minecraft:iron_block":3,"minecraft:gold_ingot":9,"minecraft:golden_carrot":36,"minecraft:cookie":144,"minecraft:redstone":20,"minecraft:stone_shovel":1,"minecraft:furnace":4,"minecraft:bone_meal":36,"minecraft:iron_axe":1,"minecraft:ender_pearl":15,"minecraft:stone_pickaxe":2,"minecraft:diamond_boots":1,"minecraft:spruce_boat":1,"minecraft:diamond_sword":1,"minecraft:enchanting_table":1,"minecraft:iron_sword":1,"minecraft:bucket":3,"minecraft:stone_axe":1,"minecraft:glowstone":8,"minecraft:air":0,"minecraft:bread":24,"minecraft:oak_boat":2,"minecraft:iron_shovel":3,"minecraft:iron_leggings":1,"minecraft:anvil":1,"minecraft:white_bed":4,"minecraft:pumpkin_pie":48,"minecraft:torch":20,"minecraft:lapis_lazuli":12,"minecraft:diamond_chestplate":1},"minecraft:used":{"minecraft:iron_shovel":750,"minecraft:spruce_slab":42,"minecraft:chest":7,"minecraft:shield":45,"minecraft:iron_sword":97,"minecraft:rotten_flesh":20,"minecraft:snowball":10,"minecraft:stripped_spruce_log":2,"minecraft:spruce_boat":1,"minecraft:lava_bucket":11,"minecraft:lantern":8,"minecraft:stone_bricks":1,"minecraft:red_carpet":3,"minecraft:bow":54,"minecraft:sweet_berries":12,"minecraft:furnace":12,"minecraft:egg":2,"minecraft:potato":240,"minecraft:stripped_spruce_wood":2,"minecraft:end_stone_bricks":2,"minecraft:spruce_door":10,"minecraft:waxed_weathered_copper_bulb":2,"minecraft:stone_pickaxe":145,"minecraft:ender_pearl":1,"minecraft:wooden_pickaxe":28,"minecraft:diamond_axe":2169,"minecraft:cookie":89,"minecraft:lingering_potion":1,"minecraft:end_stone":109,"minecraft:bread":20,"minecraft:lectern":5,"minecraft:gravel":87,"minecraft:diamond_sword":330,"minecraft:andesite":4,"minecraft:oak_boat":5,"minecraft:bone_meal":46,"minecraft:iron_bars":20,"minecraft:enchanting_table":1,"minecraft:stone_sword":2,"minecraft:spruce_planks":12,"minecraft:ender_chest":1,"minecraft:trial_key":1,"minecraft:cooked_chicken":1,"minecraft:stone_hoe":55,"minecraft:netherrack":81,"minecraft:torch":37,"minecraft:brewing_stand":1,"minecraft:dirt":32,"minecraft:anvil":1,"minecraft:spruce_stairs":16,"minecraft:granite":4,"minecraft:diamond_chestplate":1,"minecraft:golden_carrot":29,"minecraft:goat_horn":3,"minecraft:cooked_beef":1,"minecraft:cobbled_deepslate":100,"minecraft:cooked_mutton":17,"minecraft:water_bucket":67,"minecraft:baked_potato":3,"minecraft:fletching_table":6,"minecraft:stonecutter":4,"minecraft:crafting_table":10,"minecraft:white_bed":9,"minecraft:spruce_log":18,"minecraft:smoker":1,"minecraft:oak_log":1,"minecraft:ender_eye":18,"minecraft:diamond_pickaxe":785,"minecraft:iron_pickaxe":500,"minecraft:suspicious_stew":2,"minecraft:spruce_trapdoor":4,"minecraft:spruce_sapling":68,"minecraft:stone_axe":53,"minecraft:blue_carpet":3,"minecraft:cobblestone":181,"minecraft:cooked_porkchop":1,"minecraft:bucket":81,"minecraft:pumpkin_pie":15,"minecraft:diamond_leggings":1,"minecraft:splash_potion":5},"minecraft:custom":{"minecraft:interact_with_crafting_table":67,"minecraft:open_barrel":1,"minecraft:leave_game":7,"minecraft:time_since_death":26109,"minecraft:sprint_one_cm":1114009,"minecraft:damage_blocked_by_shield":2818,"minecraft:drop":405,"minecraft:talked_to_villager":157,"minecraft:play_time":361319,"minecraft:deaths":2,"minecraft:jump":6080,"minecraft:interact_with_brewingstand":1,"minecraft:walk_on_water_one_cm":36315,"minecraft:interact_with_furnace":139,"minecraft:traded_with_villager":416,"minecraft:sleep_in_bed":18,"minecraft:open_enderchest":2,"minecraft:damage_dealt":19892,"minecraft:crouch_one_cm":147188,"minecraft:interact_with_smoker":4,"minecraft:inspect_dispenser":8,"minecraft:mob_kills":115,"minecraft:interact_with_anvil":4,"minecraft:inspect_hopper":10,"minecraft:climb_one_cm":1942,"minecraft:walk_one_cm":830802,"minecraft:sneak_time":37529,"minecraft:walk_under_water_one_cm":20812,"minecraft:boat_one_cm":119044,"minecraft:interact_with_blast_furnace":2,"minecraft:total_world_time":361319,"minecraft:time_since_rest":26279,"minecraft:damage_taken":5564,"minecraft:swim_one_cm":40241,"minecraft:fly_one_cm":1800095,"minecraft:open_chest":147,"minecraft:fall_one_cm":116648},"minecraft:broken":{"minecraft:iron_shovel":3,"minecraft:stone_pickaxe":1,"minecraft:bow":1,"minecraft:shield":1,"minecraft:diamond_axe":1,"minecraft:iron_pickaxe":2},"minecraft:dropped":{"minecraft:iron_sword":1,"minecraft:diamond_axe":1,"minecraft:cookie":79,"minecraft:leather":1,"minecraft:cracked_stone_bricks":1,"minecraft:saddle":2,"minecraft:dragon_breath":1,"minecraft:flint":1,"minecraft:dirt":327,"minecraft:snowball":62,"minecraft:pumpkin_pie":2,"minecraft:gold_ingot":2,"minecraft:gravel":15,"minecraft:stone_axe":1,"minecraft:goat_horn":1,"minecraft:cobbled_deepslate":76,"minecraft:diorite_stairs":8,"minecraft:rotten_flesh":9,"minecraft:oak_planks":10,"minecraft:cooked_mutton":1,"minecraft:nether_brick_fence":6,"minecraft:tipped_arrow":1,"minecraft:gunpowder":1,"minecraft:diorite_wall":9,"minecraft:spruce_slab":38,"minecraft:iron_bars":3,"minecraft:arrow":1,"minecraft:netherrack":168,"minecraft:enchanted_book":2,"minecraft:iron_ingot":10,"minecraft:bread":45,"minecraft:wheat_seeds":1,"minecraft:golden_horse_armor":2,"minecraft:poisonous_potato":1,"minecraft:iron_helmet":2,"minecraft:cobblestone":90,"minecraft:granite":71,"minecraft:spruce_door":6,"minecraft:spruce_stairs":61,"minecraft:coal":2,"minecraft:stick":2,"minecraft:spruce_fence_gate":1,"minecraft:golden_carrot":9,"minecraft:iron_leggings":3,"minecraft:spruce_sapling":2,"minecraft:tuff_bricks":7,"minecraft:stone_sword":3,"minecraft:cobblestone_wall":14,"minecraft:bowl":2,"minecraft:stone_shovel":1,"minecraft:iron_boots":3,"minecraft:spruce_fence":1,"minecraft:suspicious_stew":7,"minecraft:potato":169,"minecraft:stone":1,"minecraft:shield":1,"minecraft:spruce_planks":63,"minecraft:dragon_egg":1,"minecraft:iron_chestplate":3,"minecraft:andesite":12,"minecraft:stone_bricks":3,"minecraft:waxed_chiseled_copper":1,"minecraft:bow":24,"minecraft:wooden_pickaxe":5},"minecraft:killed_by":{"minecraft:blaze":1,"minecraft:ender_dragon":1},"minecraft:killed":{"minecraft:shulker":4,"minecraft:skeleton":32,"minecraft:silverfish":4,"minecraft:piglin":4,"minecraft:ender_dragon":1,"minecraft:creeper":4,"minecraft:sheep":12,"minecraft:zombie":28,"minecraft:stray":1,"minecraft:cow":4,"minecraft:blaze":14,"minecraft:breeze":1,"minecraft:wither_skeleton":3,"minecraft:enderman":1},"minecraft:picked_up":{"minecraft:nether_brick_fence":6,"minecraft:suspicious_stew":2,"minecraft:diamond_sword":2,"minecraft:enchanted_book":3,"minecraft:string":27,"minecraft:iron_leggings":2,"minecraft:diamond_leggings":2,"minecraft:cobbled_deepslate":296,"minecraft:gold_nugget":29,"minecraft:spruce_planks":535,"minecraft:eye_armor_trim_smithing_template":2,"minecraft:trial_key":2,"minecraft:ender_eye":5,"minecraft:furnace":8,"minecraft:iron_boots":2,"minecraft:tipped_arrow":1,"minecraft:stick":48,"minecraft:torch":23,"minecraft:spruce_stairs":77,"minecraft:waxed_weathered_copper_bulb":2,"minecraft:diorite":60,"minecraft:goat_horn":2,"minecraft:stone_sword":2,"minecraft:rotten_flesh":25,"minecraft:blaze_rod":22,"minecraft:obsidian":28,"minecraft:iron_bars":39,"minecraft:snowball":40,"minecraft:cobblestone":427,"minecraft:cooked_beef":17,"minecraft:water_bucket":3,"minecraft:andesite":16,"minecraft:smoker":1,"minecraft:potato":488,"minecraft:flint":5,"minecraft:stripped_spruce_wood":107,"minecraft:lapis_lazuli":92,"minecraft:dirt":718,"minecraft:lantern":9,"minecraft:bone":72,"minecraft:stonecutter":5,"minecraft:bow":20,"minecraft:wheat_seeds":1,"minecraft:bell":1,"minecraft:diamond_helmet":2,"minecraft:fletching_table":4,"minecraft:oak_planks":34,"minecraft:diorite_wall":8,"minecraft:waxed_chiseled_copper":5,"minecraft:poisonous_potato":1,"minecraft:stripped_spruce_log":297,"minecraft:spruce_fence_gate":1,"minecraft:diamond":90,"minecraft:granite":75,"minecraft:crossbow":2,"minecraft:breeze_rod":3,"minecraft:bone_meal":12,"minecraft:emerald":76,"minecraft:golden_horse_armor":2,"minecraft:bread":42,"minecraft:netherrack":288,"minecraft:diamond_pickaxe":2,"minecraft:end_stone_bricks":2,"minecraft:nether_wart":60,"minecraft:wooden_pickaxe":4,"minecraft:brick":16,"minecraft:shield":3,"minecraft:dragon_breath":1,"minecraft:iron_axe":1,"minecraft:flint_and_steel":5,"minecraft:iron_shovel":2,"minecraft:cracked_stone_bricks":2,"minecraft:beef":11,"minecraft:oak_boat":3,"minecraft:spruce_slab":148,"minecraft:lectern":4,"minecraft:sugar_cane":43,"minecraft:chest":2,"minecraft:spruce_trapdoor":2,"minecraft:egg":2,"minecraft:raw_iron":128,"minecraft:end_stone":127,"minecraft:bowl":1,"minecraft:spruce_fence":1,"minecraft:cookie":27,"minecraft:redstone":25,"minecraft:blue_carpet":3,"minecraft:arrow":120,"minecraft:diamond_chestplate":2,"minecraft:decorated_pot":3,"minecraft:pumpkin_pie":41,"minecraft:diamond_boots":2,"minecraft:saddle":2,"minecraft:gold_ingot":4,"minecraft:tuff_bricks":7,"minecraft:mutton":18,"minecraft:bone_block":15,"minecraft:white_wool":12,"minecraft:golden_carrot":8,"minecraft:leather":5,"minecraft:oak_log":59,"minecraft:waxed_copper_block":3,"minecraft:cobblestone_wall":14,"minecraft:gunpowder":3,"minecraft:diorite_stairs":6,"minecraft:cooked_mutton":2,"minecraft:red_carpet":3,"minecraft:stone_bricks":4,"minecraft:iron_ingot":59,"minecraft:cooked_chicken":4,"minecraft:soul_sand":40,"minecraft:book":375,"minecraft:sweet_berries":12,"minecraft:gravel":102,"minecraft:lava_bucket":2,"minecraft:spruce_sapling":98,"minecraft:white_bed":5,"minecraft:spruce_log":857,"minecraft:dragon_egg":1,"minecraft:spruce_door":11,"minecraft:iron_helmet":1,"minecraft:diamond_axe":3,"minecraft:baked_potato":6,"minecraft:coal":67,"minecraft:ender_pearl":1,"minecraft:shulker_shell":1},"minecraft:mined":{"minecraft:spruce_planks":543,"minecraft:white_bed":5,"minecraft:obsidian":22,"minecraft:spruce_trapdoor":2,"minecraft:granite":53,"minecraft:grass_block":212,"minecraft:diorite_stairs":3,"minecraft:nether_wart":20,"minecraft:tuff_bricks":7,"minecraft:spawner":1,"minecraft:iron_ore":91,"minecraft:fire":31,"minecraft:fletching_table":4,"minecraft:deepslate_lapis_ore":7,"minecraft:dirt_path":75,"minecraft:iron_bars":5,"minecraft:end_stone_bricks":2,"minecraft:spruce_slab":109,"minecraft:deepslate_redstone_ore":6,"minecraft:smoker":1,"minecraft:torch":1,"minecraft:chest":2,"minecraft:nether_quartz_ore":3,"minecraft:cobblestone":33,"minecraft:sugar_cane":27,"minecraft:oak_planks":20,"minecraft:waxed_chiseled_copper":5,"minecraft:wall_torch":1,"minecraft:waxed_copper_block":3,"minecraft:purpur_block":1,"minecraft:oak_log":44,"minecraft:diorite_wall":6,"minecraft:dirt":417,"minecraft:stonecutter":5,"minecraft:netherrack":106,"minecraft:oak_leaves":6,"minecraft:deepslate":236,"minecraft:nether_gold_ore":6,"minecraft:diamond_ore":8,"minecraft:tuff":4,"minecraft:deepslate_diamond_ore":53,"minecraft:end_stone":137,"minecraft:spruce_fence":1,"minecraft:decorated_pot":5,"minecraft:spruce_leaves":106,"minecraft:large_fern":2,"minecraft:spruce_sapling":10,"minecraft:furnace":8,"minecraft:snow":19,"minecraft:andesite":18,"minecraft:stripped_spruce_log":298,"minecraft:bell":1,"minecraft:nether_brick_fence":3,"minecraft:bookshelf":119,"minecraft:potatoes":185,"minecraft:deepslate_iron_ore":37,"minecraft:lantern":1,"minecraft:packed_ice":16,"minecraft:waxed_weathered_copper_bulb":2,"minecraft:stone":377,"minecraft:bone_block":16,"minecraft:podzol":8,"minecraft:glass_pane":8,"minecraft:soul_sand":20,"minecraft:infested_stone_bricks":1,"minecraft:spruce_door":4,"minecraft:short_grass":5,"minecraft:lectern":4,"minecraft:copper_ore":1,"minecraft:lapis_ore":8,"minecraft:diorite":69,"minecraft:spruce_stairs":40,"minecraft:stripped_spruce_wood":108,"minecraft:cobblestone_wall":10,"minecraft:spruce_log":871,"minecraft:birch_leaves":1,"minecraft:coal_ore":58,"minecraft:gravel":99,"minecraft:cobweb":26,"minecraft:cracked_stone_bricks":2,"minecraft:spruce_fence_gate":2,"minecraft:stone_bricks":5}},"DataVersion":3953}