{"stats":{"minecraft:killed":{"minecraft:spider":9,"minecraft:shulker":8,"minecraft:skeleton":51,"minecraft:silverfish":24,"minecraft:piglin":13,"minecraft:ender_dragon":1,"minecraft:creeper":19,"minecraft:sheep":12,"minecraft:zombie":55,"minecraft:ghast":1,"minecraft:stray":5,"minecraft:blaze":14,"minecraft:cow":4,"minecraft:hoglin":9,"minecraft:breeze":1,"minecraft:wither_skeleton":3,"minecraft:enderman":1765},"minecraft:crafted":{"minecraft:ender_chest":4,"minecraft:oak_planks":2028,"minecraft:blaze_powder":18,"minecraft:cooked_chicken":1,"minecraft:stone":309,"minecraft:diamond_shovel":1,"minecraft:bookshelf":98,"minecraft:shulker_box":1,"minecraft:cooked_mutton":16,"minecraft:suspicious_stew":7,"minecraft:glass":72,"minecraft:hopper":2,"minecraft:stone_brick_slab":6,"minecraft:diamond_leggings":1,"minecraft:diamond_helmet":1,"minecraft:bow":10,"minecraft:iron_boots":1,"minecraft:netherite_boots":1,"minecraft:chest":18,"minecraft:netherite_helmet":1,"minecraft:netherite_upgrade_smithing_template":8,"minecraft:rail":16,"minecraft:stone_hoe":1,"minecraft:ender_eye":18,"minecraft:stone_bricks":32,"minecraft:name_tag":6,"minecraft:arrow":64,"minecraft:emerald":929,"minecraft:cooked_porkchop":1,"minecraft:diamond_axe":4,"minecraft:crafting_table":13,"minecraft:spruce_planks":13374,"minecraft:wooden_pickaxe":1,"minecraft:iron_helmet":1,"minecraft:smithing_table":2,"minecraft:fletching_table":2,"minecraft:brewing_stand":1,"minecraft:birch_planks":160,"minecraft:spruce_trapdoor":12,"minecraft:lectern":2,"minecraft:iron_chestplate":2,"minecraft:book":4,"minecraft:paper":36,"minecraft:charcoal":9,"minecraft:diamond_pickaxe":2,"minecraft:shield":2,"minecraft:stick":29196,"minecraft:iron_pickaxe":2,"minecraft:netherite_hoe":1,"minecraft:iron_ingot":116,"minecraft:iron_block":3,"minecraft:gold_ingot":29,"minecraft:netherite_ingot":10,"minecraft:composter":1,"minecraft:shears":3,"minecraft:golden_carrot":36,"minecraft:cookie":144,"minecraft:redstone":40,"minecraft:stone_shovel":1,"minecraft:netherite_sword":2,"minecraft:iron_nugget":1,"minecraft:diamond_hoe":1,"minecraft:furnace":10,"minecraft:bone_meal":66,"minecraft:blue_shulker_box":1,"minecraft:white_carpet":6,"minecraft:netherite_chestplate":1,"minecraft:lantern":12,"minecraft:netherite_axe":2,"minecraft:netherite_leggings":1,"minecraft:iron_axe":1,"minecraft:ladder":63,"minecraft:spruce_slab":544,"minecraft:ender_pearl":49,"minecraft:stone_pickaxe":2,"minecraft:diamond_boots":1,"minecraft:spruce_boat":4,"minecraft:netherite_scrap":40,"minecraft:dark_oak_planks":32,"minecraft:minecart":1,"minecraft:crimson_planks":8,"minecraft:netherite_pickaxe":1,"minecraft:diamond_sword":1,"minecraft:enchanting_table":2,"minecraft:iron_sword":1,"minecraft:bucket":5,"minecraft:stone_axe":1,"minecraft:glowstone":16,"minecraft:enchanted_book":5,"minecraft:air":0,"minecraft:bread":282,"minecraft:blue_dye":1,"minecraft:oak_boat":2,"minecraft:white_wool":7,"minecraft:oak_stairs":16,"minecraft:netherite_shovel":1,"minecraft:iron_shovel":3,"minecraft:iron_leggings":1,"minecraft:anvil":1,"minecraft:white_bed":7,"minecraft:pumpkin_pie":76,"minecraft:torch":52,"minecraft:lapis_lazuli":14,"minecraft:firework_rocket":48,"minecraft:diamond_chestplate":1},"minecraft:mined":{"minecraft:dragon_wall_head":1,"minecraft:blue_carpet":2,"minecraft:spruce_planks":660,"minecraft:white_bed":6,"minecraft:brewing_stand":3,"minecraft:obsidian":70,"minecraft:spruce_trapdoor":6,"minecraft:granite":180,"minecraft:grass_block":222,"minecraft:oxeye_daisy":1,"minecraft:purpur_slab":7,"minecraft:diorite_stairs":3,"minecraft:hopper":4,"minecraft:spawner":1,"minecraft:tuff_bricks":9,"minecraft:nether_wart":20,"minecraft:magma_block":15,"minecraft:glowstone":18,"minecraft:iron_ore":115,"minecraft:fire":84,"minecraft:cobbled_deepslate":3,"minecraft:polished_tuff":1,"minecraft:anvil":1,"minecraft:deepslate_lapis_ore":7,"minecraft:fletching_table":4,"minecraft:enchanting_table":2,"minecraft:flowering_azalea_leaves":17,"minecraft:dirt_path":75,"minecraft:iron_bars":37,"minecraft:oak_stairs":7,"minecraft:azalea_leaves":48,"minecraft:end_stone_bricks":10,"minecraft:spruce_slab":346,"minecraft:deepslate_redstone_ore":6,"minecraft:blackstone":21,"minecraft:crimson_nylium":34,"minecraft:smoker":6,"minecraft:soul_fire":2,"minecraft:purpur_stairs":1,"minecraft:torch":4,"minecraft:chest":9,"minecraft:cobblestone":218,"minecraft:nether_quartz_ore":125,"minecraft:damaged_anvil":1,"minecraft:oak_planks":88,"minecraft:sugar_cane":50,"minecraft:waxed_chiseled_copper":5,"minecraft:iron_door":5,"minecraft:wall_torch":10,"minecraft:cauldron":3,"minecraft:nether_wart_block":2,"minecraft:birch_log":88,"minecraft:wheat":2,"minecraft:waxed_copper_block":3,"minecraft:purpur_block":4,"minecraft:stone_brick_stairs":13,"minecraft:smooth_stone_slab":3,"minecraft:oak_log":538,"minecraft:diorite_wall":6,"minecraft:dirt":449,"minecraft:infested_cracked_stone_bricks":1,"minecraft:blue_shulker_box":13,"minecraft:ancient_debris":39,"minecraft:stonecutter":5,"minecraft:netherrack":4468,"minecraft:oak_leaves":78,"minecraft:deepslate":236,"minecraft:nether_gold_ore":8,"minecraft:diamond_ore":8,"minecraft:tuff":4,"minecraft:deepslate_diamond_ore":53,"minecraft:oak_door":4,"minecraft:end_stone":341,"minecraft:shulker_box":1,"minecraft:ladder":10,"minecraft:stone_button":1,"minecraft:spruce_fence":1,"minecraft:decorated_pot":5,"minecraft:spruce_leaves":1034,"minecraft:crimson_stem":3,"minecraft:large_fern":5,"minecraft:spruce_sapling":27,"minecraft:furnace":8,"minecraft:snow":19,"minecraft:andesite":152,"minecraft:stripped_spruce_log":303,"minecraft:bell":2,"minecraft:nether_brick_fence":3,"minecraft:bookshelf":214,"minecraft:potatoes":186,"minecraft:deepslate_iron_ore":37,"minecraft:rail":1,"minecraft:lantern":1,"minecraft:packed_ice":16,"minecraft:stone":1521,"minecraft:waxed_weathered_copper_bulb":2,"minecraft:bone_block":42,"minecraft:white_wool":3,"minecraft:podzol":8,"minecraft:smithing_table":1,"minecraft:glass_pane":8,"minecraft:soul_sand":20,"minecraft:infested_stone_bricks":25,"minecraft:stone_brick_slab":4,"minecraft:spruce_door":4,"minecraft:oak_fence":3,"minecraft:crafting_table":2,"minecraft:short_grass":32,"minecraft:lectern":196,"minecraft:tall_grass":1,"minecraft:purpur_pillar":3,"minecraft:copper_ore":7,"minecraft:lapis_ore":8,"minecraft:deepslate_gold_ore":3,"minecraft:diorite":251,"minecraft:spruce_stairs":40,"minecraft:cobblestone_wall":10,"minecraft:stripped_spruce_wood":108,"minecraft:ice":21,"minecraft:spruce_log":4421,"minecraft:birch_leaves":4,"minecraft:coal_ore":94,"minecraft:end_rod":3,"minecraft:gravel":167,"minecraft:cobweb":48,"minecraft:cracked_stone_bricks":125,"minecraft:spruce_fence_gate":2,"minecraft:stone_bricks":375,"minecraft:mossy_stone_bricks":191,"minecraft:gold_ore":12},"minecraft:killed_by":{"minecraft:blaze":1,"minecraft:ender_dragon":1},"minecraft:used":{"minecraft:iron_shovel":816,"minecraft:spruce_slab":998,"minecraft:ladder":63,"minecraft:shield":55,"minecraft:chest":26,"minecraft:iron_sword":97,"minecraft:rotten_flesh":21,"minecraft:bell":2,"minecraft:spruce_leaves":609,"minecraft:obsidian":25,"minecraft:snowball":10,"minecraft:stripped_spruce_log":4,"minecraft:spruce_boat":10,"minecraft:lava_bucket":12,"minecraft:lantern":23,"minecraft:stone_brick_stairs":8,"minecraft:stone_bricks":377,"minecraft:magma_block":1,"minecraft:red_carpet":3,"minecraft:bow":118,"minecraft:oak_sapling":1,"minecraft:sweet_berries":12,"minecraft:blue_shulker_box":14,"minecraft:furnace":18,"minecraft:egg":3,"minecraft:potato":240,"minecraft:damaged_anvil":1,"minecraft:diorite":141,"minecraft:stripped_spruce_wood":2,"minecraft:spruce_door":10,"minecraft:diamond_boots":1,"minecraft:end_stone_bricks":10,"minecraft:mossy_stone_bricks":99,"minecraft:end_rod":3,"minecraft:waxed_weathered_copper_bulb":2,"minecraft:oak_planks":4,"minecraft:stone_pickaxe":145,"minecraft:chorus_fruit":4,"minecraft:ender_pearl":156,"minecraft:wooden_pickaxe":28,"minecraft:composter":1,"minecraft:sugar_cane":5,"minecraft:diamond_axe":5131,"minecraft:purpur_pillar":2,"minecraft:cookie":89,"minecraft:white_wool":1,"minecraft:purpur_stairs":1,"minecraft:lingering_potion":1,"minecraft:end_stone":275,"minecraft:shears":690,"minecraft:firework_rocket":32,"minecraft:stone_button":4,"minecraft:bread":267,"minecraft:lectern":198,"minecraft:iron_door":6,"minecraft:gravel":98,"minecraft:diamond_sword":674,"minecraft:andesite":44,"minecraft:grindstone":2,"minecraft:purpur_block":2,"minecraft:smithing_table":3,"minecraft:oak_boat":7,"minecraft:bone_meal":151,"minecraft:netherite_sword":1236,"minecraft:iron_bars":52,"minecraft:enchanting_table":4,"minecraft:stone_sword":2,"minecraft:flint_and_steel":26,"minecraft:armor_stand":2,"minecraft:spruce_planks":138,"minecraft:ender_chest":4,"minecraft:trial_key":1,"minecraft:stone_hoe":55,"minecraft:cooked_chicken":3,"minecraft:netherrack":768,"minecraft:oak_door":2,"minecraft:torch":86,"minecraft:brewing_stand":4,"minecraft:dirt":120,"minecraft:spyglass":5,"minecraft:anvil":2,"minecraft:white_carpet":6,"minecraft:hopper":6,"minecraft:spruce_stairs":16,"minecraft:shulker_box":1,"minecraft:granite":98,"minecraft:stone_brick_slab":8,"minecraft:bookshelf":93,"minecraft:iron_axe":92,"minecraft:oak_stairs":23,"minecraft:iron_boots":1,"minecraft:diamond_chestplate":1,"minecraft:glowstone":14,"minecraft:golden_carrot":32,"minecraft:goat_horn":3,"minecraft:netherite_pickaxe":1272,"minecraft:minecart":6,"minecraft:cooked_beef":5,"minecraft:cobbled_deepslate":149,"minecraft:wheat_seeds":6,"minecraft:cooked_mutton":17,"minecraft:water_bucket":141,"minecraft:baked_potato":9,"minecraft:cauldron":5,"minecraft:fletching_table":6,"minecraft:stonecutter":5,"minecraft:cracked_stone_bricks":68,"minecraft:rail":2,"minecraft:crafting_table":15,"minecraft:white_bed":13,"minecraft:spruce_log":167,"minecraft:smoker":6,"minecraft:oak_log":1,"minecraft:ender_eye":19,"minecraft:diamond_pickaxe":7147,"minecraft:apple":3,"minecraft:iron_pickaxe":500,"minecraft:netherite_axe":2025,"minecraft:suspicious_stew":2,"minecraft:purpur_slab":4,"minecraft:spruce_trapdoor":16,"minecraft:spruce_sapling":247,"minecraft:stone_axe":53,"minecraft:blue_carpet":4,"minecraft:cobblestone":1018,"minecraft:potion":2,"minecraft:cooked_porkchop":1,"minecraft:bucket":156,"minecraft:pumpkin_pie":71,"minecraft:diamond_leggings":1,"minecraft:splash_potion":5},"minecraft:broken":{"minecraft:iron_shovel":3,"minecraft:netherite_axe":1,"minecraft:diamond_helmet":2,"minecraft:shears":2,"minecraft:stone_pickaxe":1,"minecraft:diamond_boots":1,"minecraft:diamond_pickaxe":1,"minecraft:bow":1,"minecraft:shield":1,"minecraft:diamond_axe":3,"minecraft:iron_pickaxe":2},"minecraft:dropped":{"minecraft:crimson_stem":1,"minecraft:iron_sword":1,"minecraft:moss_block":7,"minecraft:short_grass":1,"minecraft:diamond_axe":2,"minecraft:lapis_lazuli":66,"minecraft:cooked_beef":4,"minecraft:chorus_fruit":8,"minecraft:ender_pearl":22,"minecraft:glass_bottle":1,"minecraft:diamond":3,"minecraft:cookie":79,"minecraft:leather":1,"minecraft:cracked_stone_bricks":3,"minecraft:saddle":2,"minecraft:rail":15,"minecraft:dragon_breath":1,"minecraft:leather_helmet":2,"minecraft:emerald":32,"minecraft:flint":1,"minecraft:dirt":368,"minecraft:dark_oak_log":52,"minecraft:stone_button":2,"minecraft:crimson_roots":5,"minecraft:snowball":62,"minecraft:pumpkin_pie":3,"minecraft:bone_meal":6,"minecraft:bone_block":26,"minecraft:sand":17,"minecraft:iron_pickaxe":2,"minecraft:white_wool":2,"minecraft:gold_ingot":2,"minecraft:bone":55,"minecraft:gravel":22,"minecraft:oak_door":6,"minecraft:stone_axe":3,"minecraft:purpur_block":2,"minecraft:ancient_debris":1,"minecraft:goat_horn":1,"minecraft:sugar_cane":51,"minecraft:spyglass":1,"minecraft:iron_nugget":4,"minecraft:cobbled_deepslate":161,"minecraft:wheat":2,"minecraft:birch_sapling":2,"minecraft:obsidian":3,"minecraft:diorite_stairs":8,"minecraft:rotten_flesh":22,"minecraft:oak_planks":11,"minecraft:glowstone_dust":3,"minecraft:end_stone":47,"minecraft:cooked_mutton":1,"minecraft:nether_brick_fence":6,"minecraft:leather_chestplate":1,"minecraft:tipped_arrow":2,"minecraft:gunpowder":5,"minecraft:diorite_wall":9,"minecraft:azalea":1,"minecraft:glowstone":2,"minecraft:chest":1,"minecraft:spruce_slab":40,"minecraft:iron_bars":21,"minecraft:arrow":41,"minecraft:glass":26,"minecraft:stone_brick_stairs":3,"minecraft:quartz":114,"minecraft:netherrack":1472,"minecraft:crimson_planks":4,"minecraft:enchanted_book":2,"minecraft:iron_ingot":11,"minecraft:bread":45,"minecraft:stripped_spruce_log":3,"minecraft:wheat_seeds":8,"minecraft:golden_horse_armor":2,"minecraft:diamond_leggings":1,"minecraft:poisonous_potato":1,"minecraft:netherite_helmet":2,"minecraft:purpur_slab":1,"minecraft:oak_fence":2,"minecraft:iron_helmet":2,"minecraft:cobblestone":193,"minecraft:book":2,"minecraft:granite":104,"minecraft:spruce_door":6,"minecraft:spruce_stairs":61,"minecraft:coal":2,"minecraft:stick":113,"minecraft:spruce_fence_gate":1,"minecraft:oxeye_daisy":1,"minecraft:diorite":143,"minecraft:golden_carrot":15,"minecraft:repeater":1,"minecraft:nether_wart_block":4,"minecraft:iron_door":7,"minecraft:iron_leggings":4,"minecraft:flowering_azalea":1,"minecraft:iron_axe":3,"minecraft:string":18,"minecraft:blue_carpet":2,"minecraft:spruce_sapling":12,"minecraft:stone_brick_slab":1,"minecraft:tuff_bricks":9,"minecraft:stone_sword":3,"minecraft:cobblestone_wall":14,"minecraft:bowl":3,"minecraft:raw_iron":4,"minecraft:stone_shovel":1,"minecraft:iron_boots":3,"minecraft:name_tag":3,"minecraft:spruce_fence":1,"minecraft:suspicious_stew":7,"minecraft:potato":177,"minecraft:spruce_boat":1,"minecraft:stone":5,"minecraft:shield":1,"minecraft:diamond_chestplate":1,"minecraft:spruce_planks":74,"minecraft:dragon_egg":1,"minecraft:diamond_pickaxe":2,"minecraft:iron_chestplate":5,"minecraft:andesite":196,"minecraft:mossy_stone_bricks":6,"minecraft:oak_boat":2,"minecraft:oak_sapling":14,"minecraft:stone_bricks":15,"minecraft:spider_eye":3,"minecraft:spruce_log":203,"minecraft:waxed_chiseled_copper":1,"minecraft:bow":24,"minecraft:wooden_pickaxe":5},"minecraft:custom":{"minecraft:interact_with_crafting_table":148,"minecraft:open_barrel":3,"minecraft:open_shulker_box":144,"minecraft:leave_game":29,"minecraft:time_since_death":843466,"minecraft:sprint_one_cm":3417676,"minecraft:damage_blocked_by_shield":3906,"minecraft:drop":678,"minecraft:talked_to_villager":618,"minecraft:play_time":1178676,"minecraft:deaths":2,"minecraft:jump":18720,"minecraft:interact_with_brewingstand":4,"minecraft:walk_on_water_one_cm":136975,"minecraft:enchant_item":23,"minecraft:interact_with_furnace":313,"minecraft:traded_with_villager":1184,"minecraft:sleep_in_bed":47,"minecraft:open_enderchest":140,"minecraft:damage_dealt":141697,"minecraft:crouch_one_cm":520351,"minecraft:interact_with_smoker":5,"minecraft:interact_with_smithing_table":19,"minecraft:inspect_dispenser":8,"minecraft:inspect_dropper":6,"minecraft:interact_with_anvil":28,"minecraft:mob_kills":2014,"minecraft:inspect_hopper":21,"minecraft:climb_one_cm":13436,"minecraft:walk_one_cm":2663876,"minecraft:sneak_time":127626,"minecraft:walk_under_water_one_cm":147139,"minecraft:boat_one_cm":119044,"minecraft:interact_with_blast_furnace":10,"minecraft:total_world_time":1178676,"minecraft:interact_with_grindstone":25,"minecraft:interact_with_stonecutter":5,"minecraft:time_since_rest":2592,"minecraft:damage_taken":17663,"minecraft:swim_one_cm":248042,"minecraft:fly_one_cm":4083831,"minecraft:open_chest":601,"minecraft:aviate_one_cm":1764861,"minecraft:fall_one_cm":327215},"minecraft:picked_up":{"minecraft:iron_chestplate":4,"minecraft:wheat":2,"minecraft:nether_brick_fence":6,"minecraft:anvil":1,"minecraft:suspicious_stew":2,"minecraft:smithing_table":1,"minecraft:diamond_sword":3,"minecraft:oak_stairs":7,"minecraft:enchanted_book":7,"minecraft:potion":2,"minecraft:stone_brick_stairs":17,"minecraft:brewing_stand":3,"minecraft:string":691,"minecraft:raw_copper":23,"minecraft:smooth_stone_slab":3,"minecraft:iron_leggings":5,"minecraft:armor_stand":2,"minecraft:netherite_ingot":1,"minecraft:diamond_leggings":4,"minecraft:gold_nugget":29,"minecraft:cobbled_deepslate":430,"minecraft:spruce_planks":642,"minecraft:eye_armor_trim_smithing_template":2,"minecraft:azalea":1,"minecraft:trial_key":2,"minecraft:ender_eye":6,"minecraft:netherite_upgrade_smithing_template":12,"minecraft:iron_pickaxe":3,"minecraft:iron_boots":4,"minecraft:furnace":8,"minecraft:tipped_arrow":3,"minecraft:stick":305,"minecraft:oak_fence":2,"minecraft:torch":40,"minecraft:purpur_pillar":2,"minecraft:spruce_stairs":77,"minecraft:porkchop":21,"minecraft:waxed_weathered_copper_bulb":2,"minecraft:diorite":444,"minecraft:cauldron":3,"minecraft:goat_horn":2,"minecraft:stone_sword":2,"minecraft:rotten_flesh":49,"minecraft:end_rod":3,"minecraft:repeater":1,"minecraft:blaze_rod":22,"minecraft:obsidian":85,"minecraft:iron_bars":89,"minecraft:snowball":55,"minecraft:cobblestone":1801,"minecraft:birch_log":88,"minecraft:enchanting_table":2,"minecraft:magma_block":1,"minecraft:leather_chestplate":1,"minecraft:cooked_beef":17,"minecraft:andesite":274,"minecraft:iron_door":13,"minecraft:water_bucket":3,"minecraft:potato":496,"minecraft:smoker":6,"minecraft:flint":10,"minecraft:stripped_spruce_wood":107,"minecraft:lapis_lazuli":137,"minecraft:dirt":795,"minecraft:lantern":9,"minecraft:glass":39,"minecraft:bone":96,"minecraft:bow":21,"minecraft:stonecutter":5,"minecraft:wheat_seeds":14,"minecraft:raw_gold":20,"minecraft:bell":2,"minecraft:mossy_stone_bricks":189,"minecraft:fletching_table":4,"minecraft:diamond_helmet":3,"minecraft:glowstone_dust":35,"minecraft:moss_block":7,"minecraft:oak_planks":101,"minecraft:diorite_wall":8,"minecraft:poisonous_potato":1,"minecraft:waxed_chiseled_copper":5,"minecraft:sand":17,"minecraft:stripped_spruce_log":303,"minecraft:dark_oak_log":168,"minecraft:shulker_box":1,"minecraft:spruce_fence_gate":1,"minecraft:diamond":96,"minecraft:spruce_boat":8,"minecraft:netherite_helmet":2,"minecraft:breeze_rod":3,"minecraft:crossbow":3,"minecraft:granite":202,"minecraft:bone_meal":90,"minecraft:emerald":93,"minecraft:golden_horse_armor":2,"minecraft:bread":42,"minecraft:oak_sapling":15,"minecraft:netherrack":2705,"minecraft:chorus_fruit":12,"minecraft:crimson_roots":5,"minecraft:diamond_pickaxe":5,"minecraft:end_stone_bricks":10,"minecraft:spruce_leaves":608,"minecraft:crafting_table":2,"minecraft:ladder":11,"minecraft:nether_wart":60,"minecraft:wooden_pickaxe":4,"minecraft:purpur_block":4,"minecraft:shield":3,"minecraft:brick":16,"minecraft:dragon_breath":1,"minecraft:elytra":1,"minecraft:iron_axe":5,"minecraft:flint_and_steel":5,"minecraft:iron_shovel":2,"minecraft:cracked_stone_bricks":118,"minecraft:beef":11,"minecraft:oak_boat":6,"minecraft:iron_nugget":3,"minecraft:spruce_slab":762,"minecraft:minecart":5,"minecraft:lectern":196,"minecraft:sugar_cane":160,"minecraft:blue_shulker_box":13,"minecraft:chest":11,"minecraft:birch_sapling":2,"minecraft:spruce_trapdoor":4,"minecraft:egg":3,"minecraft:raw_iron":147,"minecraft:end_stone":322,"minecraft:stone":66,"minecraft:oak_door":8,"minecraft:bowl":1,"minecraft:spruce_fence":1,"minecraft:stone_button":6,"minecraft:cookie":27,"minecraft:redstone":25,"minecraft:blue_carpet":6,"minecraft:arrow":152,"minecraft:diamond_chestplate":5,"minecraft:decorated_pot":3,"minecraft:pumpkin_pie":41,"minecraft:diamond_boots":2,"minecraft:purpur_slab":5,"minecraft:hay_block":56,"minecraft:saddle":2,"minecraft:gold_ingot":4,"minecraft:tuff_bricks":9,"minecraft:mutton":18,"minecraft:bone_block":41,"minecraft:rail":16,"minecraft:white_wool":19,"minecraft:oxeye_daisy":1,"minecraft:golden_carrot":17,"minecraft:crimson_stem":3,"minecraft:leather":12,"minecraft:purpur_stairs":1,"minecraft:oak_log":544,"minecraft:waxed_copper_block":3,"minecraft:ancient_debris":39,"minecraft:cobblestone_wall":14,"minecraft:nether_wart_block":6,"minecraft:gunpowder":23,"minecraft:diorite_stairs":6,"minecraft:cooked_mutton":2,"minecraft:red_carpet":3,"minecraft:apple":5,"minecraft:stone_bricks":355,"minecraft:iron_ingot":59,"minecraft:cooked_chicken":4,"minecraft:glass_bottle":1,"minecraft:flowering_azalea":1,"minecraft:soul_sand":40,"minecraft:book":673,"minecraft:sweet_berries":12,"minecraft:stone_brick_slab":2,"minecraft:quartz":166,"minecraft:spyglass":1,"minecraft:gravel":208,"minecraft:lava_bucket":2,"minecraft:spruce_sapling":465,"minecraft:white_bed":6,"minecraft:spruce_log":4783,"minecraft:spider_eye":3,"minecraft:spruce_door":11,"minecraft:dragon_egg":1,"minecraft:leather_helmet":2,"minecraft:stone_axe":3,"minecraft:short_grass":1,"minecraft:iron_helmet":3,"minecraft:diamond_axe":7,"minecraft:baked_potato":12,"minecraft:damaged_anvil":1,"minecraft:coal":103,"minecraft:hopper":4,"minecraft:shulker_shell":2,"minecraft:ender_pearl":155}},"DataVersion":3953}