{"stats":{"minecraft:used":{"minecraft:stone_sword":2,"minecraft:spruce_planks":4,"minecraft:shield":43,"minecraft:iron_sword":97,"minecraft:rotten_flesh":19,"minecraft:torch":21,"minecraft:dirt":8,"minecraft:granite":4,"minecraft:lava_bucket":11,"minecraft:bow":4,"minecraft:sweet_berries":12,"minecraft:furnace":8,"minecraft:goat_horn":3,"minecraft:cooked_beef":1,"minecraft:cobbled_deepslate":100,"minecraft:cooked_mutton":12,"minecraft:water_bucket":15,"minecraft:stone_pickaxe":145,"minecraft:wooden_pickaxe":28,"minecraft:diamond_axe":19,"minecraft:cookie":22,"minecraft:crafting_table":8,"minecraft:white_bed":2,"minecraft:spruce_log":4,"minecraft:oak_log":1,"minecraft:diamond_pickaxe":335,"minecraft:bread":4,"minecraft:iron_pickaxe":500,"minecraft:stone_axe":53,"minecraft:diamond_sword":106,"minecraft:cobblestone":86,"minecraft:andesite":2,"minecraft:bucket":29,"minecraft:oak_boat":5},"minecraft:broken":{"minecraft:stone_pickaxe":1,"minecraft:shield":1,"minecraft:iron_pickaxe":2},"minecraft:picked_up":{"minecraft:nether_brick_fence":6,"minecraft:nether_wart":60,"minecraft:diamond_sword":1,"minecraft:wooden_pickaxe":4,"minecraft:shield":2,"minecraft:iron_axe":1,"minecraft:flint_and_steel":3,"minecraft:iron_leggings":2,"minecraft:diamond_leggings":1,"minecraft:gold_nugget":29,"minecraft:cobbled_deepslate":296,"minecraft:spruce_planks":2,"minecraft:oak_boat":3,"minecraft:sugar_cane":9,"minecraft:iron_boots":2,"minecraft:furnace":4,"minecraft:stick":2,"minecraft:raw_iron":128,"minecraft:torch":13,"minecraft:cookie":26,"minecraft:redstone":25,"minecraft:goat_horn":2,"minecraft:diamond_chestplate":1,"minecraft:stone_sword":2,"minecraft:arrow":4,"minecraft:rotten_flesh":20,"minecraft:diamond_boots":1,"minecraft:saddle":2,"minecraft:gold_ingot":4,"minecraft:blaze_rod":22,"minecraft:mutton":18,"minecraft:iron_bars":3,"minecraft:snowball":21,"minecraft:white_wool":12,"minecraft:cobblestone":331,"minecraft:cooked_beef":1,"minecraft:water_bucket":1,"minecraft:andesite":14,"minecraft:oak_log":59,"minecraft:lapis_lazuli":92,"minecraft:dirt":16,"minecraft:cooked_mutton":2,"minecraft:bone":14,"minecraft:bow":1,"minecraft:bell":1,"minecraft:iron_ingot":55,"minecraft:diamond_helmet":1,"minecraft:oak_planks":11,"minecraft:soul_sand":40,"minecraft:diorite_wall":2,"minecraft:sweet_berries":12,"minecraft:lava_bucket":2,"minecraft:gravel":9,"minecraft:spruce_log":6,"minecraft:diamond":90,"minecraft:diamond_axe":1,"minecraft:iron_helmet":1,"minecraft:crossbow":2,"minecraft:granite":75,"minecraft:golden_horse_armor":2,"minecraft:bread":4,"minecraft:netherrack":168,"minecraft:coal":66,"minecraft:diamond_pickaxe":1},"minecraft:killed":{"minecraft:skeleton":8,"minecraft:piglin":4,"minecraft:creeper":1,"minecraft:sheep":12,"minecraft:zombie":17,"minecraft:wither_skeleton":3,"minecraft:blaze":14},"minecraft:killed_by":{"minecraft:blaze":1},"minecraft:custom":{"minecraft:mob_kills":61,"minecraft:interact_with_crafting_table":44,"minecraft:leave_game":1,"minecraft:time_since_death":4779,"minecraft:sprint_one_cm":306214,"minecraft:walk_one_cm":168016,"minecraft:damage_blocked_by_shield":2698,"minecraft:drop":51,"minecraft:talked_to_villager":1,"minecraft:play_time":95330,"minecraft:deaths":1,"minecraft:sneak_time":17675,"minecraft:walk_under_water_one_cm":2515,"minecraft:boat_one_cm":113053,"minecraft:jump":2092,"minecraft:walk_on_water_one_cm":7732,"minecraft:total_world_time":95330,"minecraft:interact_with_furnace":98,"minecraft:traded_with_villager":1,"minecraft:sleep_in_bed":5,"minecraft:time_since_rest":4804,"minecraft:damage_taken":1850,"minecraft:damage_dealt":10563,"minecraft:swim_one_cm":8555,"minecraft:fly_one_cm":381992,"minecraft:open_chest":10,"minecraft:crouch_one_cm":54646,"minecraft:fall_one_cm":33121},"minecraft:dropped":{"minecraft:iron_sword":1,"minecraft:golden_horse_armor":2,"minecraft:cookie":1,"minecraft:iron_helmet":2,"minecraft:cobblestone":76,"minecraft:granite":71,"minecraft:saddle":2,"minecraft:coal":2,"minecraft:stick":1,"minecraft:dirt":8,"minecraft:snowball":12,"minecraft:iron_leggings":3,"minecraft:gold_ingot":2,"minecraft:gravel":9,"minecraft:stone_axe":1,"minecraft:goat_horn":1,"minecraft:stone_sword":1,"minecraft:cobbled_deepslate":76,"minecraft:rotten_flesh":1,"minecraft:oak_planks":7,"minecraft:iron_boots":3,"minecraft:cooked_mutton":1,"minecraft:nether_brick_fence":3,"minecraft:shield":1,"minecraft:spruce_planks":1,"minecraft:iron_chestplate":2,"minecraft:andesite":12,"minecraft:iron_bars":3,"minecraft:bow":1,"minecraft:wooden_pickaxe":3,"minecraft:netherrack":91},"minecraft:crafted":{"minecraft:oak_planks":112,"minecraft:furnace":4,"minecraft:cooked_mutton":11,"minecraft:diamond_helmet":1,"minecraft:diamond_leggings":1,"minecraft:iron_boots":1,"minecraft:iron_axe":1,"minecraft:stone_pickaxe":2,"minecraft:diamond_boots":1,"minecraft:diamond_sword":1,"minecraft:emerald":1,"minecraft:diamond_axe":1,"minecraft:crafting_table":8,"minecraft:spruce_planks":4,"minecraft:wooden_pickaxe":1,"minecraft:iron_helmet":1,"minecraft:iron_sword":1,"minecraft:bucket":3,"minecraft:stone_axe":1,"minecraft:air":0,"minecraft:oak_boat":2,"minecraft:iron_chestplate":2,"minecraft:diamond_pickaxe":1,"minecraft:shield":2,"minecraft:stick":88,"minecraft:iron_ingot":107,"minecraft:iron_pickaxe":2,"minecraft:iron_leggings":1,"minecraft:white_bed":2,"minecraft:torch":20,"minecraft:diamond_chestplate":1},"minecraft:mined":{"minecraft:nether_gold_ore":6,"minecraft:diamond_ore":8,"minecraft:tuff":4,"minecraft:spruce_planks":3,"minecraft:deepslate_diamond_ore":53,"minecraft:granite":49,"minecraft:grass_block":1,"minecraft:nether_wart":20,"minecraft:furnace":4,"minecraft:iron_ore":91,"minecraft:fire":31,"minecraft:andesite":16,"minecraft:deepslate_lapis_ore":7,"minecraft:bell":1,"minecraft:nether_brick_fence":3,"minecraft:deepslate_iron_ore":37,"minecraft:stone":285,"minecraft:deepslate_redstone_ore":6,"minecraft:soul_sand":20,"minecraft:short_grass":4,"minecraft:nether_quartz_ore":3,"minecraft:copper_ore":1,"minecraft:cobblestone":22,"minecraft:lapis_ore":8,"minecraft:sugar_cane":6,"minecraft:diorite":4,"minecraft:spruce_log":9,"minecraft:birch_leaves":1,"minecraft:coal_ore":58,"minecraft:oak_log":44,"minecraft:gravel":4,"minecraft:dirt":9,"minecraft:netherrack":89,"minecraft:oak_leaves":6,"minecraft:deepslate":236}},"DataVersion":3953}