{"stats":{"minecraft:mined":{"minecraft:dragon_wall_head":1,"minecraft:blue_carpet":2,"minecraft:spruce_planks":576,"minecraft:white_bed":5,"minecraft:brewing_stand":3,"minecraft:obsidian":32,"minecraft:spruce_trapdoor":4,"minecraft:granite":53,"minecraft:grass_block":220,"minecraft:purpur_slab":7,"minecraft:diorite_stairs":3,"minecraft:hopper":4,"minecraft:tuff_bricks":7,"minecraft:nether_wart":20,"minecraft:spawner":1,"minecraft:iron_ore":93,"minecraft:fire":48,"minecraft:deepslate_lapis_ore":7,"minecraft:fletching_table":4,"minecraft:enchanting_table":2,"minecraft:dirt_path":75,"minecraft:iron_bars":5,"minecraft:end_stone_bricks":10,"minecraft:spruce_slab":109,"minecraft:deepslate_redstone_ore":6,"minecraft:smoker":6,"minecraft:purpur_stairs":1,"minecraft:torch":2,"minecraft:chest":6,"minecraft:nether_quartz_ore":3,"minecraft:cobblestone":33,"minecraft:oak_planks":21,"minecraft:sugar_cane":50,"minecraft:waxed_chiseled_copper":5,"minecraft:wall_torch":1,"minecraft:wheat":2,"minecraft:waxed_copper_block":3,"minecraft:purpur_block":4,"minecraft:oak_log":44,"minecraft:diorite_wall":6,"minecraft:dirt":434,"minecraft:blue_shulker_box":10,"minecraft:stonecutter":5,"minecraft:netherrack":106,"minecraft:oak_leaves":6,"minecraft:deepslate":236,"minecraft:nether_gold_ore":6,"minecraft:diamond_ore":8,"minecraft:tuff":4,"minecraft:deepslate_diamond_ore":53,"minecraft:end_stone":263,"minecraft:spruce_fence":1,"minecraft:decorated_pot":5,"minecraft:spruce_leaves":742,"minecraft:large_fern":3,"minecraft:spruce_sapling":17,"minecraft:furnace":8,"minecraft:snow":19,"minecraft:andesite":37,"minecraft:stripped_spruce_log":299,"minecraft:bell":1,"minecraft:nether_brick_fence":3,"minecraft:bookshelf":199,"minecraft:potatoes":186,"minecraft:deepslate_iron_ore":37,"minecraft:lantern":1,"minecraft:packed_ice":16,"minecraft:stone":527,"minecraft:waxed_weathered_copper_bulb":2,"minecraft:bone_block":16,"minecraft:podzol":8,"minecraft:glass_pane":8,"minecraft:soul_sand":20,"minecraft:infested_stone_bricks":1,"minecraft:stone_brick_slab":2,"minecraft:spruce_door":4,"minecraft:short_grass":6,"minecraft:lectern":196,"minecraft:purpur_pillar":3,"minecraft:copper_ore":1,"minecraft:lapis_ore":8,"minecraft:diorite":85,"minecraft:spruce_stairs":40,"minecraft:cobblestone_wall":10,"minecraft:stripped_spruce_wood":108,"minecraft:spruce_log":2596,"minecraft:birch_leaves":1,"minecraft:coal_ore":71,"minecraft:end_rod":3,"minecraft:gravel":102,"minecraft:cobweb":27,"minecraft:cracked_stone_bricks":4,"minecraft:spruce_fence_gate":2,"minecraft:stone_bricks":21,"minecraft:mossy_stone_bricks":1},"minecraft:used":{"minecraft:iron_shovel":750,"minecraft:spruce_slab":42,"minecraft:ladder":53,"minecraft:shield":49,"minecraft:chest":18,"minecraft:iron_sword":97,"minecraft:rotten_flesh":20,"minecraft:spruce_leaves":528,"minecraft:snowball":10,"minecraft:stripped_spruce_log":2,"minecraft:spruce_boat":6,"minecraft:lava_bucket":12,"minecraft:lantern":8,"minecraft:stone_bricks":148,"minecraft:red_carpet":3,"minecraft:bow":63,"minecraft:sweet_berries":12,"minecraft:blue_shulker_box":10,"minecraft:furnace":15,"minecraft:egg":3,"minecraft:potato":240,"minecraft:stripped_spruce_wood":2,"minecraft:diorite":3,"minecraft:mossy_stone_bricks":1,"minecraft:end_rod":3,"minecraft:end_stone_bricks":10,"minecraft:spruce_door":10,"minecraft:waxed_weathered_copper_bulb":2,"minecraft:chorus_fruit":4,"minecraft:stone_pickaxe":145,"minecraft:ender_pearl":43,"minecraft:wooden_pickaxe":28,"minecraft:composter":1,"minecraft:sugar_cane":5,"minecraft:diamond_axe":4137,"minecraft:purpur_pillar":2,"minecraft:cookie":89,"minecraft:purpur_stairs":1,"minecraft:lingering_potion":1,"minecraft:end_stone":211,"minecraft:shears":586,"minecraft:firework_rocket":4,"minecraft:bread":67,"minecraft:lectern":198,"minecraft:gravel":87,"minecraft:diamond_sword":457,"minecraft:andesite":20,"minecraft:oak_boat":5,"minecraft:bone_meal":75,"minecraft:purpur_block":2,"minecraft:iron_bars":20,"minecraft:enchanting_table":2,"minecraft:stone_sword":2,"minecraft:flint_and_steel":14,"minecraft:spruce_planks":80,"minecraft:ender_chest":3,"minecraft:trial_key":1,"minecraft:stone_hoe":55,"minecraft:cooked_chicken":3,"minecraft:netherrack":81,"minecraft:torch":38,"minecraft:brewing_stand":4,"minecraft:dirt":109,"minecraft:anvil":1,"minecraft:white_carpet":6,"minecraft:hopper":6,"minecraft:spruce_stairs":16,"minecraft:granite":4,"minecraft:stone_brick_slab":7,"minecraft:bookshelf":27,"minecraft:iron_axe":92,"minecraft:diamond_chestplate":1,"minecraft:golden_carrot":29,"minecraft:goat_horn":3,"minecraft:minecart":3,"minecraft:cooked_beef":5,"minecraft:cobbled_deepslate":100,"minecraft:wheat_seeds":6,"minecraft:cooked_mutton":17,"minecraft:water_bucket":100,"minecraft:baked_potato":9,"minecraft:fletching_table":6,"minecraft:stonecutter":5,"minecraft:cracked_stone_bricks":2,"minecraft:rail":1,"minecraft:crafting_table":12,"minecraft:white_bed":11,"minecraft:spruce_log":20,"minecraft:smoker":6,"minecraft:oak_log":1,"minecraft:ender_eye":19,"minecraft:diamond_pickaxe":1204,"minecraft:apple":3,"minecraft:iron_pickaxe":500,"minecraft:suspicious_stew":2,"minecraft:purpur_slab":4,"minecraft:spruce_trapdoor":15,"minecraft:spruce_sapling":151,"minecraft:stone_axe":53,"minecraft:blue_carpet":4,"minecraft:cobblestone":183,"minecraft:potion":2,"minecraft:cooked_porkchop":1,"minecraft:bucket":116,"minecraft:pumpkin_pie":48,"minecraft:diamond_leggings":1,"minecraft:splash_potion":5},"minecraft:broken":{"minecraft:iron_shovel":3,"minecraft:shears":2,"minecraft:stone_pickaxe":1,"minecraft:bow":1,"minecraft:shield":1,"minecraft:diamond_axe":2,"minecraft:iron_pickaxe":2},"minecraft:custom":{"minecraft:interact_with_crafting_table":95,"minecraft:open_barrel":1,"minecraft:open_shulker_box":71,"minecraft:leave_game":17,"minecraft:time_since_death":295451,"minecraft:sprint_one_cm":1766363,"minecraft:damage_blocked_by_shield":3041,"minecraft:drop":479,"minecraft:talked_to_villager":532,"minecraft:play_time":630661,"minecraft:deaths":2,"minecraft:jump":9383,"minecraft:interact_with_brewingstand":4,"minecraft:walk_on_water_one_cm":60233,"minecraft:enchant_item":1,"minecraft:interact_with_furnace":194,"minecraft:traded_with_villager":899,"minecraft:sleep_in_bed":31,"minecraft:open_enderchest":52,"minecraft:damage_dealt":27805,"minecraft:crouch_one_cm":284464,"minecraft:interact_with_smoker":5,"minecraft:inspect_dispenser":8,"minecraft:interact_with_anvil":13,"minecraft:mob_kills":138,"minecraft:inspect_hopper":12,"minecraft:climb_one_cm":8202,"minecraft:walk_one_cm":1353600,"minecraft:sneak_time":70595,"minecraft:walk_under_water_one_cm":49675,"minecraft:boat_one_cm":119044,"minecraft:interact_with_blast_furnace":3,"minecraft:total_world_time":630661,"minecraft:interact_with_stonecutter":4,"minecraft:time_since_rest":71104,"minecraft:damage_taken":9334,"minecraft:swim_one_cm":83321,"minecraft:fly_one_cm":2501559,"minecraft:open_chest":301,"minecraft:aviate_one_cm":263881,"minecraft:fall_one_cm":179202},"minecraft:picked_up":{"minecraft:shulker_shell":2,"minecraft:iron_chestplate":4,"minecraft:wheat":2,"minecraft:nether_brick_fence":6,"minecraft:suspicious_stew":2,"minecraft:diamond_sword":3,"minecraft:potion":2,"minecraft:enchanted_book":3,"minecraft:brewing_stand":3,"minecraft:string":28,"minecraft:iron_leggings":2,"minecraft:diamond_leggings":4,"minecraft:gold_nugget":29,"minecraft:cobbled_deepslate":414,"minecraft:spruce_planks":577,"minecraft:eye_armor_trim_smithing_template":2,"minecraft:trial_key":2,"minecraft:ender_eye":6,"minecraft:iron_pickaxe":3,"minecraft:iron_boots":2,"minecraft:furnace":8,"minecraft:tipped_arrow":2,"minecraft:stick":144,"minecraft:torch":24,"minecraft:purpur_pillar":2,"minecraft:spruce_stairs":77,"minecraft:waxed_weathered_copper_bulb":2,"minecraft:diorite":268,"minecraft:goat_horn":2,"minecraft:stone_sword":2,"minecraft:rotten_flesh":30,"minecraft:end_rod":3,"minecraft:blaze_rod":22,"minecraft:obsidian":39,"minecraft:iron_bars":39,"minecraft:snowball":40,"minecraft:cobblestone":570,"minecraft:enchanting_table":2,"minecraft:leather_chestplate":1,"minecraft:cooked_beef":17,"minecraft:water_bucket":3,"minecraft:andesite":33,"minecraft:smoker":6,"minecraft:potato":496,"minecraft:flint":5,"minecraft:stripped_spruce_wood":107,"minecraft:lapis_lazuli":92,"minecraft:dirt":739,"minecraft:lantern":9,"minecraft:glass":39,"minecraft:bone":78,"minecraft:bow":20,"minecraft:stonecutter":5,"minecraft:wheat_seeds":7,"minecraft:raw_gold":5,"minecraft:bell":1,"minecraft:mossy_stone_bricks":2,"minecraft:fletching_table":4,"minecraft:diamond_helmet":2,"minecraft:oak_planks":35,"minecraft:diorite_wall":8,"minecraft:poisonous_potato":1,"minecraft:waxed_chiseled_copper":5,"minecraft:stripped_spruce_log":298,"minecraft:spruce_fence_gate":1,"minecraft:diamond":90,"minecraft:spruce_boat":5,"minecraft:granite":75,"minecraft:crossbow":3,"minecraft:breeze_rod":3,"minecraft:bone_meal":18,"minecraft:emerald":77,"minecraft:golden_horse_armor":2,"minecraft:bread":42,"minecraft:netherrack":288,"minecraft:chorus_fruit":12,"minecraft:diamond_pickaxe":5,"minecraft:end_stone_bricks":10,"minecraft:spruce_leaves":528,"minecraft:ladder":1,"minecraft:nether_wart":60,"minecraft:wooden_pickaxe":4,"minecraft:purpur_block":4,"minecraft:brick":16,"minecraft:shield":3,"minecraft:dragon_breath":1,"minecraft:elytra":1,"minecraft:iron_axe":5,"minecraft:flint_and_steel":5,"minecraft:iron_shovel":2,"minecraft:cracked_stone_bricks":4,"minecraft:beef":11,"minecraft:oak_boat":6,"minecraft:iron_nugget":3,"minecraft:spruce_slab":171,"minecraft:minecart":2,"minecraft:lectern":196,"minecraft:blue_shulker_box":10,"minecraft:sugar_cane":160,"minecraft:chest":7,"minecraft:spruce_trapdoor":4,"minecraft:egg":3,"minecraft:raw_iron":130,"minecraft:end_stone":244,"minecraft:bowl":1,"minecraft:spruce_fence":1,"minecraft:cookie":27,"minecraft:redstone":25,"minecraft:blue_carpet":6,"minecraft:arrow":124,"minecraft:diamond_chestplate":2,"minecraft:decorated_pot":3,"minecraft:pumpkin_pie":41,"minecraft:diamond_boots":2,"minecraft:purpur_slab":5,"minecraft:hay_block":56,"minecraft:saddle":2,"minecraft:gold_ingot":4,"minecraft:tuff_bricks":7,"minecraft:mutton":18,"minecraft:bone_block":15,"minecraft:white_wool":15,"minecraft:golden_carrot":17,"minecraft:leather":5,"minecraft:purpur_stairs":1,"minecraft:oak_log":59,"minecraft:waxed_copper_block":3,"minecraft:cobblestone_wall":14,"minecraft:gunpowder":11,"minecraft:diorite_stairs":6,"minecraft:cooked_mutton":2,"minecraft:red_carpet":3,"minecraft:stone_bricks":16,"minecraft:iron_ingot":59,"minecraft:cooked_chicken":4,"minecraft:glass_bottle":1,"minecraft:soul_sand":40,"minecraft:book":624,"minecraft:sweet_berries":12,"minecraft:stone_brick_slab":2,"minecraft:quartz":156,"minecraft:gravel":108,"minecraft:lava_bucket":2,"minecraft:spruce_sapling":258,"minecraft:white_bed":5,"minecraft:spruce_log":2571,"minecraft:spruce_door":11,"minecraft:dragon_egg":1,"minecraft:stone_axe":3,"minecraft:short_grass":1,"minecraft:iron_helmet":1,"minecraft:diamond_axe":3,"minecraft:baked_potato":12,"minecraft:coal":80,"minecraft:hopper":4,"minecraft:ender_pearl":11},"minecraft:killed_by":{"minecraft:blaze":1,"minecraft:ender_dragon":1},"minecraft:killed":{"minecraft:shulker":8,"minecraft:skeleton":33,"minecraft:silverfish":4,"minecraft:piglin":4,"minecraft:ender_dragon":1,"minecraft:creeper":5,"minecraft:sheep":12,"minecraft:zombie":33,"minecraft:stray":3,"minecraft:blaze":14,"minecraft:cow":4,"minecraft:breeze":1,"minecraft:wither_skeleton":3,"minecraft:enderman":10},"minecraft:dropped":{"minecraft:iron_sword":1,"minecraft:short_grass":1,"minecraft:diamond_axe":1,"minecraft:cooked_beef":4,"minecraft:chorus_fruit":8,"minecraft:glass_bottle":1,"minecraft:cookie":79,"minecraft:leather":1,"minecraft:cracked_stone_bricks":1,"minecraft:saddle":2,"minecraft:dragon_breath":1,"minecraft:flint":1,"minecraft:dirt":335,"minecraft:snowball":62,"minecraft:pumpkin_pie":2,"minecraft:bone_meal":6,"minecraft:iron_pickaxe":2,"minecraft:gold_ingot":2,"minecraft:gravel":21,"minecraft:stone_axe":3,"minecraft:purpur_block":2,"minecraft:goat_horn":1,"minecraft:sugar_cane":51,"minecraft:iron_nugget":4,"minecraft:cobbled_deepslate":135,"minecraft:wheat":2,"minecraft:obsidian":3,"minecraft:diorite_stairs":8,"minecraft:rotten_flesh":14,"minecraft:oak_planks":10,"minecraft:end_stone":31,"minecraft:cooked_mutton":1,"minecraft:nether_brick_fence":6,"minecraft:leather_chestplate":1,"minecraft:tipped_arrow":1,"minecraft:gunpowder":5,"minecraft:diorite_wall":9,"minecraft:chest":1,"minecraft:spruce_slab":38,"minecraft:iron_bars":3,"minecraft:arrow":29,"minecraft:glass":26,"minecraft:quartz":104,"minecraft:netherrack":168,"minecraft:enchanted_book":2,"minecraft:iron_ingot":10,"minecraft:bread":45,"minecraft:stripped_spruce_log":1,"minecraft:wheat_seeds":1,"minecraft:golden_horse_armor":2,"minecraft:diamond_leggings":1,"minecraft:poisonous_potato":1,"minecraft:purpur_slab":1,"minecraft:iron_helmet":2,"minecraft:cobblestone":93,"minecraft:granite":71,"minecraft:spruce_door":6,"minecraft:spruce_stairs":61,"minecraft:coal":2,"minecraft:stick":2,"minecraft:spruce_fence_gate":1,"minecraft:diorite":141,"minecraft:golden_carrot":15,"minecraft:iron_leggings":3,"minecraft:iron_axe":2,"minecraft:blue_carpet":2,"minecraft:spruce_sapling":4,"minecraft:tuff_bricks":7,"minecraft:stone_sword":3,"minecraft:cobblestone_wall":14,"minecraft:bowl":3,"minecraft:stone_shovel":1,"minecraft:iron_boots":3,"minecraft:spruce_fence":1,"minecraft:suspicious_stew":7,"minecraft:potato":177,"minecraft:stone":1,"minecraft:shield":1,"minecraft:spruce_planks":63,"minecraft:dragon_egg":1,"minecraft:diamond_pickaxe":2,"minecraft:iron_chestplate":5,"minecraft:andesite":13,"minecraft:mossy_stone_bricks":1,"minecraft:oak_boat":2,"minecraft:stone_bricks":3,"minecraft:waxed_chiseled_copper":1,"minecraft:bow":24,"minecraft:wooden_pickaxe":5},"minecraft:crafted":{"minecraft:oak_planks":152,"minecraft:blaze_powder":18,"minecraft:cooked_chicken":1,"minecraft:stone":149,"minecraft:bookshelf":29,"minecraft:shulker_box":1,"minecraft:cooked_mutton":16,"minecraft:suspicious_stew":7,"minecraft:glass":72,"minecraft:hopper":2,"minecraft:stone_brick_slab":6,"minecraft:bow":10,"minecraft:diamond_helmet":1,"minecraft:diamond_leggings":1,"minecraft:iron_boots":1,"minecraft:chest":14,"minecraft:rail":16,"minecraft:stone_hoe":1,"minecraft:ender_eye":17,"minecraft:name_tag":1,"minecraft:emerald":686,"minecraft:arrow":64,"minecraft:cooked_porkchop":1,"minecraft:diamond_axe":4,"minecraft:crafting_table":12,"minecraft:spruce_planks":10902,"minecraft:wooden_pickaxe":1,"minecraft:iron_helmet":1,"minecraft:fletching_table":2,"minecraft:brewing_stand":1,"minecraft:spruce_trapdoor":12,"minecraft:lectern":2,"minecraft:iron_chestplate":2,"minecraft:book":4,"minecraft:paper":36,"minecraft:diamond_pickaxe":2,"minecraft:shield":2,"minecraft:stick":21611,"minecraft:iron_ingot":107,"minecraft:iron_pickaxe":2,"minecraft:iron_block":3,"minecraft:gold_ingot":9,"minecraft:composter":1,"minecraft:shears":3,"minecraft:golden_carrot":36,"minecraft:cookie":144,"minecraft:redstone":40,"minecraft:stone_shovel":1,"minecraft:iron_nugget":1,"minecraft:furnace":7,"minecraft:bone_meal":66,"minecraft:blue_shulker_box":1,"minecraft:white_carpet":6,"minecraft:lantern":12,"minecraft:iron_axe":1,"minecraft:ladder":63,"minecraft:spruce_slab":12,"minecraft:ender_pearl":49,"minecraft:stone_pickaxe":2,"minecraft:diamond_boots":1,"minecraft:spruce_boat":3,"minecraft:minecart":1,"minecraft:diamond_sword":1,"minecraft:enchanting_table":1,"minecraft:iron_sword":1,"minecraft:bucket":5,"minecraft:stone_axe":1,"minecraft:glowstone":8,"minecraft:enchanted_book":2,"minecraft:air":0,"minecraft:bread":120,"minecraft:blue_dye":1,"minecraft:oak_boat":2,"minecraft:white_wool":5,"minecraft:iron_shovel":3,"minecraft:iron_leggings":1,"minecraft:anvil":1,"minecraft:white_bed":6,"minecraft:pumpkin_pie":48,"minecraft:torch":20,"minecraft:lapis_lazuli":14,"minecraft:firework_rocket":12,"minecraft:diamond_chestplate":1,"minecraft:ender_chest":3}},"DataVersion":3953}