{"stats":{"minecraft:crafted":{"minecraft:oak_planks":152,"minecraft:blaze_powder":14,"minecraft:cooked_chicken":1,"minecraft:stone":1,"minecraft:bookshelf":1,"minecraft:suspicious_stew":7,"minecraft:cooked_mutton":16,"minecraft:bow":8,"minecraft:diamond_helmet":1,"minecraft:diamond_leggings":1,"minecraft:iron_boots":1,"minecraft:chest":2,"minecraft:stone_hoe":1,"minecraft:ender_eye":8,"minecraft:emerald":224,"minecraft:cooked_porkchop":1,"minecraft:diamond_axe":2,"minecraft:crafting_table":9,"minecraft:spruce_planks":3024,"minecraft:wooden_pickaxe":1,"minecraft:iron_helmet":1,"minecraft:fletching_table":2,"minecraft:brewing_stand":1,"minecraft:spruce_trapdoor":2,"minecraft:lectern":1,"minecraft:iron_chestplate":2,"minecraft:book":4,"minecraft:paper":12,"minecraft:diamond_pickaxe":2,"minecraft:shield":2,"minecraft:stick":7036,"minecraft:iron_ingot":107,"minecraft:iron_pickaxe":2,"minecraft:iron_block":3,"minecraft:gold_ingot":9,"minecraft:golden_carrot":36,"minecraft:cookie":144,"minecraft:redstone":20,"minecraft:stone_shovel":1,"minecraft:furnace":4,"minecraft:bone_meal":30,"minecraft:iron_axe":1,"minecraft:ender_pearl":8,"minecraft:stone_pickaxe":2,"minecraft:diamond_boots":1,"minecraft:spruce_boat":1,"minecraft:diamond_sword":1,"minecraft:enchanting_table":1,"minecraft:iron_sword":1,"minecraft:bucket":3,"minecraft:stone_axe":1,"minecraft:glowstone":8,"minecraft:bread":24,"minecraft:air":0,"minecraft:oak_boat":2,"minecraft:iron_shovel":3,"minecraft:iron_leggings":1,"minecraft:anvil":1,"minecraft:white_bed":4,"minecraft:pumpkin_pie":48,"minecraft:torch":20,"minecraft:lapis_lazuli":12,"minecraft:diamond_chestplate":1},"minecraft:used":{"minecraft:iron_shovel":750,"minecraft:spruce_slab":6,"minecraft:chest":5,"minecraft:shield":43,"minecraft:iron_sword":97,"minecraft:rotten_flesh":20,"minecraft:snowball":10,"minecraft:stripped_spruce_log":2,"minecraft:spruce_boat":1,"minecraft:lava_bucket":11,"minecraft:lantern":8,"minecraft:red_carpet":3,"minecraft:bow":4,"minecraft:sweet_berries":12,"minecraft:furnace":12,"minecraft:egg":1,"minecraft:potato":158,"minecraft:stripped_spruce_wood":2,"minecraft:spruce_door":10,"minecraft:stone_pickaxe":145,"minecraft:wooden_pickaxe":28,"minecraft:diamond_axe":1673,"minecraft:cookie":89,"minecraft:bread":17,"minecraft:lectern":5,"minecraft:gravel":87,"minecraft:diamond_sword":151,"minecraft:andesite":2,"minecraft:oak_boat":5,"minecraft:bone_meal":46,"minecraft:enchanting_table":1,"minecraft:iron_bars":4,"minecraft:stone_sword":2,"minecraft:spruce_planks":12,"minecraft:stone_hoe":55,"minecraft:cooked_chicken":1,"minecraft:torch":21,"minecraft:brewing_stand":1,"minecraft:dirt":32,"minecraft:anvil":1,"minecraft:spruce_stairs":16,"minecraft:granite":4,"minecraft:golden_carrot":2,"minecraft:goat_horn":3,"minecraft:cooked_beef":1,"minecraft:cobbled_deepslate":100,"minecraft:cooked_mutton":17,"minecraft:water_bucket":35,"minecraft:fletching_table":6,"minecraft:stonecutter":4,"minecraft:crafting_table":9,"minecraft:white_bed":7,"minecraft:smoker":1,"minecraft:spruce_log":4,"minecraft:oak_log":1,"minecraft:diamond_pickaxe":543,"minecraft:suspicious_stew":1,"minecraft:iron_pickaxe":500,"minecraft:spruce_trapdoor":4,"minecraft:spruce_sapling":62,"minecraft:stone_axe":53,"minecraft:blue_carpet":3,"minecraft:cobblestone":87,"minecraft:cooked_porkchop":1,"minecraft:bucket":49,"minecraft:pumpkin_pie":8},"minecraft:custom":{"minecraft:interact_with_crafting_table":63,"minecraft:leave_game":6,"minecraft:time_since_death":187636,"minecraft:sprint_one_cm":793610,"minecraft:damage_blocked_by_shield":2698,"minecraft:drop":382,"minecraft:talked_to_villager":119,"minecraft:play_time":278187,"minecraft:deaths":1,"minecraft:jump":4162,"minecraft:walk_on_water_one_cm":17255,"minecraft:interact_with_furnace":139,"minecraft:traded_with_villager":319,"minecraft:sleep_in_bed":14,"minecraft:damage_dealt":13327,"minecraft:crouch_one_cm":107290,"minecraft:interact_with_smoker":4,"minecraft:mob_kills":77,"minecraft:interact_with_anvil":2,"minecraft:inspect_hopper":10,"minecraft:walk_one_cm":636058,"minecraft:sneak_time":28359,"minecraft:walk_under_water_one_cm":3648,"minecraft:boat_one_cm":119044,"minecraft:interact_with_blast_furnace":1,"minecraft:total_world_time":278187,"minecraft:time_since_rest":45703,"minecraft:damage_taken":2515,"minecraft:swim_one_cm":15635,"minecraft:fly_one_cm":827955,"minecraft:open_chest":117,"minecraft:fall_one_cm":71311},"minecraft:broken":{"minecraft:iron_shovel":3,"minecraft:stone_pickaxe":1,"minecraft:shield":1,"minecraft:iron_pickaxe":2},"minecraft:dropped":{"minecraft:iron_sword":1,"minecraft:diamond_axe":1,"minecraft:cookie":79,"minecraft:saddle":2,"minecraft:flint":1,"minecraft:dirt":263,"minecraft:snowball":62,"minecraft:pumpkin_pie":2,"minecraft:gold_ingot":2,"minecraft:gravel":9,"minecraft:stone_axe":1,"minecraft:goat_horn":1,"minecraft:cobbled_deepslate":76,"minecraft:diorite_stairs":8,"minecraft:rotten_flesh":9,"minecraft:oak_planks":7,"minecraft:cooked_mutton":1,"minecraft:nether_brick_fence":6,"minecraft:tipped_arrow":1,"minecraft:diorite_wall":9,"minecraft:spruce_slab":38,"minecraft:iron_bars":3,"minecraft:arrow":1,"minecraft:netherrack":104,"minecraft:iron_ingot":10,"minecraft:bread":45,"minecraft:wheat_seeds":1,"minecraft:golden_horse_armor":2,"minecraft:poisonous_potato":1,"minecraft:iron_helmet":2,"minecraft:cobblestone":90,"minecraft:granite":71,"minecraft:spruce_door":5,"minecraft:spruce_stairs":59,"minecraft:coal":2,"minecraft:stick":2,"minecraft:spruce_fence_gate":1,"minecraft:golden_carrot":9,"minecraft:iron_leggings":3,"minecraft:spruce_sapling":2,"minecraft:stone_sword":3,"minecraft:cobblestone_wall":14,"minecraft:bowl":1,"minecraft:stone_shovel":1,"minecraft:iron_boots":3,"minecraft:spruce_fence":1,"minecraft:suspicious_stew":7,"minecraft:potato":169,"minecraft:stone":1,"minecraft:shield":1,"minecraft:spruce_planks":63,"minecraft:iron_chestplate":2,"minecraft:andesite":12,"minecraft:bow":23,"minecraft:wooden_pickaxe":5},"minecraft:killed_by":{"minecraft:blaze":1},"minecraft:killed":{"minecraft:skeleton":8,"minecraft:piglin":4,"minecraft:creeper":3,"minecraft:sheep":12,"minecraft:zombie":27,"minecraft:stray":1,"minecraft:cow":3,"minecraft:blaze":14,"minecraft:wither_skeleton":3},"minecraft:picked_up":{"minecraft:nether_brick_fence":6,"minecraft:suspicious_stew":1,"minecraft:diamond_sword":1,"minecraft:iron_leggings":2,"minecraft:diamond_leggings":1,"minecraft:gold_nugget":29,"minecraft:cobbled_deepslate":296,"minecraft:spruce_planks":535,"minecraft:furnace":8,"minecraft:iron_boots":2,"minecraft:tipped_arrow":1,"minecraft:stick":30,"minecraft:torch":20,"minecraft:spruce_stairs":77,"minecraft:diorite":60,"minecraft:goat_horn":2,"minecraft:stone_sword":2,"minecraft:rotten_flesh":24,"minecraft:blaze_rod":22,"minecraft:obsidian":4,"minecraft:snowball":40,"minecraft:iron_bars":7,"minecraft:cobblestone":400,"minecraft:cooked_beef":9,"minecraft:water_bucket":1,"minecraft:andesite":14,"minecraft:smoker":1,"minecraft:potato":278,"minecraft:flint":5,"minecraft:stripped_spruce_wood":104,"minecraft:lapis_lazuli":92,"minecraft:dirt":718,"minecraft:lantern":9,"minecraft:bone":16,"minecraft:stonecutter":5,"minecraft:bow":16,"minecraft:wheat_seeds":1,"minecraft:bell":1,"minecraft:diamond_helmet":1,"minecraft:fletching_table":4,"minecraft:oak_planks":11,"minecraft:diorite_wall":8,"minecraft:poisonous_potato":1,"minecraft:stripped_spruce_log":297,"minecraft:spruce_fence_gate":1,"minecraft:diamond":90,"minecraft:crossbow":2,"minecraft:granite":75,"minecraft:bone_meal":12,"minecraft:bread":38,"minecraft:golden_horse_armor":2,"minecraft:emerald":56,"minecraft:netherrack":168,"minecraft:diamond_pickaxe":1,"minecraft:nether_wart":60,"minecraft:wooden_pickaxe":4,"minecraft:shield":2,"minecraft:iron_axe":1,"minecraft:flint_and_steel":3,"minecraft:iron_shovel":2,"minecraft:beef":8,"minecraft:oak_boat":3,"minecraft:spruce_slab":112,"minecraft:lectern":4,"minecraft:sugar_cane":43,"minecraft:chest":2,"minecraft:spruce_trapdoor":2,"minecraft:egg":1,"minecraft:raw_iron":128,"minecraft:spruce_fence":1,"minecraft:cookie":27,"minecraft:redstone":25,"minecraft:blue_carpet":3,"minecraft:arrow":5,"minecraft:diamond_chestplate":1,"minecraft:pumpkin_pie":2,"minecraft:diamond_boots":1,"minecraft:saddle":2,"minecraft:gold_ingot":4,"minecraft:mutton":18,"minecraft:white_wool":12,"minecraft:golden_carrot":2,"minecraft:leather":4,"minecraft:oak_log":59,"minecraft:cobblestone_wall":14,"minecraft:gunpowder":2,"minecraft:diorite_stairs":6,"minecraft:cooked_mutton":2,"minecraft:red_carpet":3,"minecraft:iron_ingot":55,"minecraft:soul_sand":40,"minecraft:sweet_berries":12,"minecraft:gravel":98,"minecraft:lava_bucket":2,"minecraft:spruce_sapling":65,"minecraft:white_bed":3,"minecraft:spruce_log":524,"minecraft:spruce_door":11,"minecraft:iron_helmet":1,"minecraft:diamond_axe":2,"minecraft:coal":67},"minecraft:mined":{"minecraft:spruce_planks":543,"minecraft:white_bed":3,"minecraft:obsidian":4,"minecraft:spruce_trapdoor":2,"minecraft:granite":49,"minecraft:grass_block":212,"minecraft:diorite_stairs":3,"minecraft:nether_wart":20,"minecraft:iron_ore":91,"minecraft:fire":31,"minecraft:fletching_table":4,"minecraft:deepslate_lapis_ore":7,"minecraft:dirt_path":75,"minecraft:iron_bars":5,"minecraft:spruce_slab":109,"minecraft:deepslate_redstone_ore":6,"minecraft:smoker":1,"minecraft:chest":2,"minecraft:nether_quartz_ore":3,"minecraft:cobblestone":29,"minecraft:sugar_cane":27,"minecraft:oak_log":44,"minecraft:diorite_wall":6,"minecraft:dirt":417,"minecraft:stonecutter":5,"minecraft:netherrack":89,"minecraft:oak_leaves":6,"minecraft:deepslate":236,"minecraft:nether_gold_ore":6,"minecraft:diamond_ore":8,"minecraft:tuff":4,"minecraft:deepslate_diamond_ore":53,"minecraft:spruce_fence":1,"minecraft:spruce_leaves":63,"minecraft:spruce_sapling":10,"minecraft:furnace":8,"minecraft:snow":19,"minecraft:andesite":16,"minecraft:stripped_spruce_log":298,"minecraft:bell":1,"minecraft:nether_brick_fence":3,"minecraft:potatoes":106,"minecraft:deepslate_iron_ore":37,"minecraft:lantern":1,"minecraft:packed_ice":16,"minecraft:stone":365,"minecraft:podzol":8,"minecraft:glass_pane":8,"minecraft:soul_sand":20,"minecraft:spruce_door":4,"minecraft:short_grass":5,"minecraft:lectern":4,"minecraft:copper_ore":1,"minecraft:lapis_ore":8,"minecraft:diorite":69,"minecraft:spruce_stairs":40,"minecraft:stripped_spruce_wood":105,"minecraft:cobblestone_wall":10,"minecraft:spruce_log":531,"minecraft:birch_leaves":1,"minecraft:coal_ore":58,"minecraft:gravel":97,"minecraft:spruce_fence_gate":2}},"DataVersion":3953}