{"stats":{"minecraft:crafted":{"minecraft:oak_planks":12,"minecraft:stone_axe":1,"minecraft:crafting_table":1,"minecraft:stick":8,"minecraft:stone_pickaxe":1,"minecraft:wooden_pickaxe":1},"minecraft:used":{"minecraft:stone_axe":13,"minecraft:crafting_table":1,"minecraft:wooden_pickaxe":6},"minecraft:custom":{"minecraft:time_since_rest":2171,"minecraft:crouch_one_cm":2801,"minecraft:play_time":2171,"minecraft:sprint_one_cm":3044,"minecraft:walk_one_cm":1883,"minecraft:sneak_time":823,"minecraft:jump":17,"minecraft:leave_game":1,"minecraft:time_since_death":2171,"minecraft:total_world_time":2171,"minecraft:interact_with_crafting_table":2,"minecraft:fall_one_cm":269,"minecraft:fly_one_cm":2416},"minecraft:picked_up":{"minecraft:oak_log":15,"minecraft:dirt":16,"minecraft:cobblestone":6},"minecraft:mined":{"minecraft:grass_block":2,"minecraft:oak_log":16,"minecraft:dirt":14,"minecraft:stone":6}},"DataVersion":3953}