{"stats":{"minecraft:crafted":{"minecraft:oak_planks":52,"minecraft:cooked_chicken":2,"minecraft:cooked_mutton":1,"minecraft:glass":50,"minecraft:hopper":10,"minecraft:iron_boots":1,"minecraft:chest":15,"minecraft:smoker":1,"minecraft:emerald":164,"minecraft:cooked_porkchop":6,"minecraft:diamond_axe":1,"minecraft:crafting_table":3,"minecraft:spruce_planks":1824,"minecraft:wooden_pickaxe":1,"minecraft:iron_helmet":1,"minecraft:spruce_door":3,"minecraft:fletching_table":2,"minecraft:birch_planks":12,"minecraft:wooden_hoe":1,"minecraft:iron_chestplate":4,"minecraft:diamond_pickaxe":1,"minecraft:shield":1,"minecraft:stick":3232,"minecraft:iron_ingot":96,"minecraft:iron_pickaxe":4,"minecraft:stone_sword":2,"minecraft:gold_ingot":9,"minecraft:redstone_torch":2,"minecraft:composter":2,"minecraft:spruce_fence_gate":4,"minecraft:stone_shovel":12,"minecraft:furnace":2,"minecraft:piston":6,"minecraft:bone_meal":6,"minecraft:iron_axe":2,"minecraft:spruce_slab":18,"minecraft:stone_pickaxe":14,"minecraft:observer":6,"minecraft:cooked_beef":8,"minecraft:iron_sword":1,"minecraft:golden_shovel":1,"minecraft:bucket":3,"minecraft:stone_axe":3,"minecraft:bread":72,"minecraft:air":0,"minecraft:oak_boat":2,"minecraft:iron_shovel":8,"minecraft:iron_leggings":2,"minecraft:white_bed":1,"minecraft:torch":12},"minecraft:used":{"minecraft:iron_shovel":813,"minecraft:spruce_slab":4,"minecraft:chest":16,"minecraft:shield":38,"minecraft:iron_sword":125,"minecraft:iron_chestplate":1,"minecraft:nether_bricks":4,"minecraft:snowball":73,"minecraft:glass":37,"minecraft:lava_bucket":1,"minecraft:red_carpet":1,"minecraft:furnace":8,"minecraft:oak_sapling":1,"minecraft:potato":38,"minecraft:diorite":3,"minecraft:spruce_door":1,"minecraft:oak_planks":6,"minecraft:stone_pickaxe":55,"minecraft:wooden_pickaxe":3,"minecraft:sandstone":10,"minecraft:composter":8,"minecraft:diamond_axe":48,"minecraft:blue_bed":6,"minecraft:sugar_cane":23,"minecraft:cookie":8,"minecraft:golden_hoe":12,"minecraft:blast_furnace":1,"minecraft:bread":32,"minecraft:lectern":5,"minecraft:smithing_table":1,"minecraft:andesite":1,"minecraft:oak_boat":9,"minecraft:bone_meal":6,"minecraft:stone_sword":152,"minecraft:flint_and_steel":1,"minecraft:redstone":6,"minecraft:spruce_planks":134,"minecraft:cooked_chicken":2,"minecraft:netherrack":58,"minecraft:torch":5,"minecraft:dirt":765,"minecraft:hopper":20,"minecraft:golden_shovel":32,"minecraft:nether_brick_stairs":1,"minecraft:iron_axe":369,"minecraft:iron_boots":1,"minecraft:golden_carrot":4,"minecraft:cobbled_deepslate":8,"minecraft:observer":7,"minecraft:iron_leggings":1,"minecraft:wheat_seeds":7,"minecraft:cooked_mutton":7,"minecraft:water_bucket":18,"minecraft:fletching_table":8,"minecraft:spruce_fence_gate":4,"minecraft:crafting_table":11,"minecraft:white_bed":5,"minecraft:spruce_log":7,"minecraft:smoker":5,"minecraft:piston":6,"minecraft:wooden_hoe":59,"minecraft:diamond_pickaxe":3,"minecraft:iron_pickaxe":635,"minecraft:spruce_sapling":11,"minecraft:stone_axe":32,"minecraft:blue_carpet":1,"minecraft:cobblestone":14,"minecraft:cooked_porkchop":6,"minecraft:bucket":21,"minecraft:kelp":6},"minecraft:custom":{"minecraft:interact_with_crafting_table":72,"minecraft:bell_ring":8,"minecraft:leave_game":4,"minecraft:time_since_death":138465,"minecraft:sprint_one_cm":867523,"minecraft:damage_blocked_by_shield":1950,"minecraft:drop":135,"minecraft:talked_to_villager":104,"minecraft:play_time":250449,"minecraft:deaths":2,"minecraft:jump":4175,"minecraft:walk_on_water_one_cm":47133,"minecraft:enchant_item":1,"minecraft:interact_with_furnace":110,"minecraft:traded_with_villager":212,"minecraft:sleep_in_bed":15,"minecraft:open_enderchest":1,"minecraft:damage_dealt":11806,"minecraft:crouch_one_cm":153739,"minecraft:interact_with_smoker":24,"minecraft:interact_with_smithing_table":4,"minecraft:mob_kills":47,"minecraft:interact_with_anvil":2,"minecraft:inspect_hopper":21,"minecraft:walk_one_cm":574448,"minecraft:sneak_time":38716,"minecraft:walk_under_water_one_cm":21326,"minecraft:boat_one_cm":252319,"minecraft:interact_with_blast_furnace":11,"minecraft:total_world_time":250449,"minecraft:interact_with_grindstone":1,"minecraft:time_since_rest":16512,"minecraft:damage_taken":2157,"minecraft:swim_one_cm":82867,"minecraft:fly_one_cm":793047,"minecraft:open_chest":148,"minecraft:fall_one_cm":84543},"minecraft:broken":{"minecraft:iron_shovel":3,"minecraft:golden_shovel":1,"minecraft:iron_axe":1,"minecraft:iron_pickaxe":1,"minecraft:wooden_hoe":1},"minecraft:dropped":{"minecraft:diamond_axe":1,"minecraft:cooked_beef":8,"minecraft:oak_log":14,"minecraft:diamond":29,"minecraft:crossbow":1,"minecraft:cookie":2,"minecraft:saddle":1,"minecraft:flint":1,"minecraft:dirt":14,"minecraft:mutton":2,"minecraft:snowball":44,"minecraft:bone_meal":1,"minecraft:bone":9,"minecraft:gold_ingot":4,"minecraft:cobbled_deepslate":121,"minecraft:diorite_stairs":3,"minecraft:rotten_flesh":8,"minecraft:cooked_mutton":2,"minecraft:nether_brick_fence":3,"minecraft:poppy":8,"minecraft:diorite_wall":10,"minecraft:iron_bars":3,"minecraft:arrow":2,"minecraft:netherrack":77,"minecraft:water_bucket":1,"minecraft:iron_ingot":54,"minecraft:bread":38,"minecraft:golden_horse_armor":1,"minecraft:diamond_leggings":1,"minecraft:poisonous_potato":1,"minecraft:cobblestone":76,"minecraft:spruce_stairs":2,"minecraft:coal":2,"minecraft:stick":5,"minecraft:lava_bucket":2,"minecraft:torch":7,"minecraft:diamond_helmet":1,"minecraft:iron_axe":1,"minecraft:iron_shovel":2,"minecraft:kelp":110,"minecraft:sweet_berries":12,"minecraft:blaze_rod":11,"minecraft:coarse_dirt":1,"minecraft:nether_wart":20,"minecraft:stone_sword":2,"minecraft:stone_shovel":12,"minecraft:flint_and_steel":2,"minecraft:diamond_sword":1,"minecraft:shield":1,"minecraft:diamond_chestplate":1,"minecraft:spruce_planks":1,"minecraft:diamond_pickaxe":1,"minecraft:diamond_boots":1,"minecraft:bow":1,"minecraft:stone_pickaxe":13,"minecraft:wooden_pickaxe":2},"minecraft:killed_by":{"minecraft:blaze":1,"minecraft:zombie":1},"minecraft:killed":{"minecraft:spider":2,"minecraft:chicken":1,"minecraft:pig":3,"minecraft:iron_golem":5,"minecraft:sheep":5,"minecraft:zombie":8,"minecraft:stray":2,"minecraft:cow":7,"minecraft:blaze":13,"minecraft:wither_skeleton":1},"minecraft:picked_up":{"minecraft:iron_chestplate":2,"minecraft:nether_brick_fence":3,"minecraft:smithing_table":1,"minecraft:diamond_sword":1,"minecraft:string":5,"minecraft:raw_copper":11,"minecraft:iron_leggings":1,"minecraft:diamond_leggings":1,"minecraft:cobbled_deepslate":126,"minecraft:spruce_planks":119,"minecraft:redstone_torch":2,"minecraft:furnace":6,"minecraft:iron_boots":1,"minecraft:tipped_arrow":1,"minecraft:stick":14,"minecraft:composter":6,"minecraft:torch":14,"minecraft:spruce_stairs":6,"minecraft:porkchop":7,"minecraft:diorite":7,"minecraft:cauldron":2,"minecraft:rotten_flesh":14,"minecraft:stone_sword":4,"minecraft:blaze_rod":17,"minecraft:obsidian":1,"minecraft:iron_bars":6,"minecraft:snowball":156,"minecraft:cobblestone":222,"minecraft:birch_log":7,"minecraft:feather":3,"minecraft:water_bucket":1,"minecraft:andesite":1,"minecraft:smoker":4,"minecraft:potato":58,"minecraft:flint":1,"minecraft:tuff":64,"minecraft:stripped_spruce_wood":25,"minecraft:dirt":928,"minecraft:lantern":2,"minecraft:bone":12,"minecraft:bow":1,"minecraft:wheat_seeds":10,"minecraft:raw_gold":5,"minecraft:grindstone":2,"minecraft:diamond_helmet":1,"minecraft:fletching_table":6,"minecraft:oak_planks":20,"minecraft:diorite_wall":15,"minecraft:poisonous_potato":1,"minecraft:sand":50,"minecraft:stripped_spruce_log":103,"minecraft:nether_brick_stairs":1,"minecraft:spruce_fence_gate":3,"minecraft:diamond":30,"minecraft:crossbow":1,"minecraft:bone_meal":3,"minecraft:golden_horse_armor":4,"minecraft:bread":4,"minecraft:oak_sapling":1,"minecraft:netherrack":136,"minecraft:diamond_pickaxe":1,"minecraft:crafting_table":9,"minecraft:coarse_dirt":1,"minecraft:chicken":4,"minecraft:nether_wart":80,"minecraft:wooden_pickaxe":2,"minecraft:gold_block":2,"minecraft:shield":3,"minecraft:iron_axe":1,"minecraft:flint_and_steel":2,"minecraft:beef":12,"minecraft:oak_boat":9,"minecraft:observer":1,"minecraft:poppy":9,"minecraft:spruce_slab":29,"minecraft:lectern":5,"minecraft:chest":12,"minecraft:sugar_cane":34,"minecraft:raw_iron":121,"minecraft:sandstone":14,"minecraft:spruce_fence":31,"minecraft:cookie":10,"minecraft:redstone":35,"minecraft:blue_carpet":1,"minecraft:arrow":2,"minecraft:diamond_chestplate":1,"minecraft:nether_bricks":4,"minecraft:diamond_boots":1,"minecraft:hay_block":56,"minecraft:saddle":2,"minecraft:gold_ingot":2,"minecraft:mutton":12,"minecraft:white_wool":5,"minecraft:golden_carrot":7,"minecraft:leather":4,"minecraft:oak_log":27,"minecraft:blue_bed":6,"minecraft:wooden_hoe":1,"minecraft:diorite_stairs":5,"minecraft:cooked_mutton":8,"minecraft:red_carpet":1,"minecraft:kelp":141,"minecraft:iron_ingot":87,"minecraft:stone_pickaxe":1,"minecraft:soul_sand":20,"minecraft:pumpkin":4,"minecraft:sweet_berries":24,"minecraft:quartz":97,"minecraft:gravel":5,"minecraft:lava_bucket":2,"minecraft:spruce_sapling":19,"minecraft:blast_furnace":1,"minecraft:white_bed":4,"minecraft:spruce_log":175,"minecraft:spruce_door":9,"minecraft:spider_eye":1,"minecraft:stone_axe":1,"minecraft:iron_helmet":2,"minecraft:diamond_axe":1,"minecraft:coal":73,"minecraft:hopper":10},"minecraft:mined":{"minecraft:blue_carpet":1,"minecraft:spruce_planks":21,"minecraft:white_bed":4,"minecraft:obsidian":2,"minecraft:grass_block":326,"minecraft:diorite_stairs":2,"minecraft:composter":6,"minecraft:hopper":10,"minecraft:nether_wart":20,"minecraft:tall_seagrass":1,"minecraft:iron_ore":37,"minecraft:fire":9,"minecraft:pumpkin":4,"minecraft:fletching_table":6,"minecraft:nether_brick_stairs":1,"minecraft:water_cauldron":2,"minecraft:dirt_path":136,"minecraft:iron_bars":3,"minecraft:spruce_slab":8,"minecraft:deepslate_redstone_ore":8,"minecraft:kelp_plant":17,"minecraft:smoker":4,"minecraft:blast_furnace":1,"minecraft:chest":12,"minecraft:glass":19,"minecraft:nether_quartz_ore":95,"minecraft:cobblestone":2,"minecraft:grindstone":2,"minecraft:sugar_cane":11,"minecraft:oak_planks":6,"minecraft:wall_torch":2,"minecraft:seagrass":2,"minecraft:birch_log":7,"minecraft:wheat":7,"minecraft:blue_ice":24,"minecraft:oak_log":13,"minecraft:diorite_wall":5,"minecraft:sand":52,"minecraft:dirt":274,"minecraft:netherrack":52,"minecraft:oak_leaves":7,"minecraft:deepslate":23,"minecraft:red_carpet":1,"minecraft:tuff":90,"minecraft:deepslate_diamond_ore":1,"minecraft:nether_bricks":4,"minecraft:spruce_fence":31,"minecraft:spruce_leaves":20,"minecraft:kelp":4,"minecraft:sandstone":15,"minecraft:large_fern":1,"minecraft:hay_block":57,"minecraft:furnace":7,"minecraft:snow":77,"minecraft:andesite":1,"minecraft:stripped_spruce_log":103,"minecraft:gold_block":2,"minecraft:potatoes":22,"minecraft:deepslate_iron_ore":47,"minecraft:packed_ice":72,"minecraft:stone":117,"minecraft:podzol":158,"minecraft:smithing_table":1,"minecraft:glass_pane":2,"minecraft:soul_sand":20,"minecraft:snow_block":9,"minecraft:observer":1,"minecraft:spruce_door":2,"minecraft:crafting_table":9,"minecraft:short_grass":19,"minecraft:lectern":5,"minecraft:tall_grass":6,"minecraft:copper_ore":1,"minecraft:diorite":5,"minecraft:blue_bed":6,"minecraft:spruce_stairs":7,"minecraft:coarse_dirt":1,"minecraft:stripped_spruce_wood":25,"minecraft:sweet_berry_bush":10,"minecraft:ice":8,"minecraft:spruce_log":176,"minecraft:birch_leaves":1,"minecraft:coal_ore":34,"minecraft:gravel":6,"minecraft:spruce_fence_gate":1,"minecraft:gold_ore":5}},"DataVersion":3953}