{"stats":{"minecraft:used":{"minecraft:stone_sword":143,"minecraft:iron_shovel":251,"minecraft:flint_and_steel":1,"minecraft:spruce_slab":2,"minecraft:shield":33,"minecraft:chest":2,"minecraft:spruce_planks":132,"minecraft:netherrack":58,"minecraft:torch":2,"minecraft:dirt":307,"minecraft:nether_bricks":4,"minecraft:golden_shovel":32,"minecraft:snowball":3,"minecraft:nether_brick_stairs":1,"minecraft:lava_bucket":1,"minecraft:iron_axe":250,"minecraft:red_carpet":1,"minecraft:furnace":7,"minecraft:potato":6,"minecraft:cobbled_deepslate":4,"minecraft:cooked_mutton":6,"minecraft:water_bucket":2,"minecraft:diorite":3,"minecraft:stone_pickaxe":55,"minecraft:oak_planks":6,"minecraft:wooden_pickaxe":3,"minecraft:sandstone":10,"minecraft:sugar_cane":23,"minecraft:blue_bed":6,"minecraft:fletching_table":8,"minecraft:spruce_fence_gate":4,"minecraft:cookie":2,"minecraft:golden_hoe":12,"minecraft:crafting_table":8,"minecraft:white_bed":5,"minecraft:spruce_log":5,"minecraft:smoker":3,"minecraft:bread":3,"minecraft:iron_pickaxe":165,"minecraft:spruce_sapling":4,"minecraft:stone_axe":31,"minecraft:blue_carpet":1,"minecraft:cooked_porkchop":6,"minecraft:smithing_table":1,"minecraft:bucket":4,"minecraft:oak_boat":3},"minecraft:broken":{"minecraft:iron_shovel":1,"minecraft:golden_shovel":1,"minecraft:iron_axe":1},"minecraft:picked_up":{"minecraft:iron_chestplate":1,"minecraft:crafting_table":7,"minecraft:nether_brick_fence":3,"minecraft:nether_wart":60,"minecraft:chicken":3,"minecraft:smithing_table":1,"minecraft:diamond_sword":1,"minecraft:wooden_pickaxe":2,"minecraft:gold_block":2,"minecraft:shield":2,"minecraft:iron_axe":1,"minecraft:flint_and_steel":2,"minecraft:diamond_leggings":1,"minecraft:cobbled_deepslate":122,"minecraft:spruce_planks":20,"minecraft:oak_boat":3,"minecraft:poppy":1,"minecraft:spruce_slab":8,"minecraft:sugar_cane":34,"minecraft:chest":2,"minecraft:furnace":5,"minecraft:stick":3,"minecraft:raw_iron":14,"minecraft:sandstone":14,"minecraft:torch":10,"minecraft:spruce_stairs":6,"minecraft:spruce_fence":31,"minecraft:porkchop":7,"minecraft:cookie":4,"minecraft:diorite":5,"minecraft:blue_carpet":1,"minecraft:cauldron":2,"minecraft:diamond_chestplate":1,"minecraft:stone_sword":1,"minecraft:nether_bricks":4,"minecraft:diamond_boots":1,"minecraft:saddle":2,"minecraft:gold_ingot":2,"minecraft:blaze_rod":17,"minecraft:mutton":12,"minecraft:iron_bars":6,"minecraft:snowball":32,"minecraft:white_wool":5,"minecraft:cobblestone":119,"minecraft:birch_log":7,"minecraft:feather":3,"minecraft:water_bucket":1,"minecraft:smoker":2,"minecraft:oak_log":22,"minecraft:dirt":307,"minecraft:diorite_stairs":2,"minecraft:blue_bed":6,"minecraft:lantern":2,"minecraft:cooked_mutton":8,"minecraft:red_carpet":1,"minecraft:bone":8,"minecraft:bow":1,"minecraft:iron_ingot":58,"minecraft:grindstone":2,"minecraft:diamond_helmet":1,"minecraft:fletching_table":6,"minecraft:soul_sand":20,"minecraft:oak_planks":20,"minecraft:diorite_wall":9,"minecraft:pumpkin":4,"minecraft:sweet_berries":24,"minecraft:quartz":39,"minecraft:lava_bucket":2,"minecraft:sand":7,"minecraft:stripped_spruce_log":103,"minecraft:spruce_sapling":4,"minecraft:nether_brick_stairs":1,"minecraft:white_bed":4,"minecraft:spruce_log":63,"minecraft:spruce_door":1,"minecraft:spruce_fence_gate":1,"minecraft:diamond":29,"minecraft:crossbow":1,"minecraft:iron_helmet":1,"minecraft:diamond_axe":1,"minecraft:golden_horse_armor":3,"minecraft:netherrack":136,"minecraft:coal":15,"minecraft:diamond_pickaxe":1},"minecraft:killed":{"minecraft:chicken":1,"minecraft:pig":3,"minecraft:iron_golem":1,"minecraft:sheep":5,"minecraft:zombie":1,"minecraft:wither_skeleton":1,"minecraft:blaze":13},"minecraft:killed_by":{"minecraft:blaze":1},"minecraft:custom":{"minecraft:interact_with_smithing_table":2,"minecraft:mob_kills":25,"minecraft:interact_with_crafting_table":32,"minecraft:bell_ring":8,"minecraft:leave_game":1,"minecraft:time_since_death":8720,"minecraft:sprint_one_cm":400403,"minecraft:walk_one_cm":219959,"minecraft:damage_blocked_by_shield":1770,"minecraft:drop":74,"minecraft:talked_to_villager":26,"minecraft:play_time":94846,"minecraft:deaths":1,"minecraft:sneak_time":15561,"minecraft:walk_under_water_one_cm":1497,"minecraft:boat_one_cm":75581,"minecraft:jump":1985,"minecraft:walk_on_water_one_cm":13908,"minecraft:total_world_time":94846,"minecraft:interact_with_furnace":24,"minecraft:traded_with_villager":55,"minecraft:interact_with_grindstone":1,"minecraft:sleep_in_bed":6,"minecraft:time_since_rest":8753,"minecraft:damage_taken":832,"minecraft:damage_dealt":4876,"minecraft:swim_one_cm":14740,"minecraft:fly_one_cm":417467,"minecraft:open_chest":43,"minecraft:crouch_one_cm":66754,"minecraft:interact_with_smoker":12,"minecraft:fall_one_cm":38500},"minecraft:dropped":{"minecraft:water_bucket":1,"minecraft:iron_ingot":54,"minecraft:bread":4,"minecraft:diamond_axe":1,"minecraft:oak_log":14,"minecraft:golden_horse_armor":1,"minecraft:diamond":29,"minecraft:diamond_leggings":1,"minecraft:crossbow":1,"minecraft:cookie":2,"minecraft:cobblestone":76,"minecraft:saddle":1,"minecraft:coal":2,"minecraft:lava_bucket":2,"minecraft:torch":6,"minecraft:mutton":2,"minecraft:diamond_helmet":1,"minecraft:snowball":21,"minecraft:iron_axe":1,"minecraft:bone":7,"minecraft:gold_ingot":4,"minecraft:sweet_berries":12,"minecraft:nether_wart":20,"minecraft:stone_sword":1,"minecraft:blaze_rod":11,"minecraft:cobbled_deepslate":121,"minecraft:stone_shovel":12,"minecraft:nether_brick_fence":3,"minecraft:cooked_mutton":2,"minecraft:flint_and_steel":2,"minecraft:diamond_sword":1,"minecraft:shield":1,"minecraft:diamond_chestplate":1,"minecraft:diamond_pickaxe":1,"minecraft:diorite_wall":4,"minecraft:diamond_boots":1,"minecraft:iron_bars":3,"minecraft:bow":1,"minecraft:wooden_pickaxe":2,"minecraft:stone_pickaxe":12,"minecraft:netherrack":77},"minecraft:crafted":{"minecraft:oak_planks":32,"minecraft:stone_shovel":12,"minecraft:furnace":2,"minecraft:iron_axe":1,"minecraft:stone_pickaxe":13,"minecraft:chest":1,"minecraft:smoker":1,"minecraft:emerald":31,"minecraft:cooked_porkchop":6,"minecraft:crafting_table":1,"minecraft:spruce_planks":644,"minecraft:wooden_pickaxe":1,"minecraft:iron_helmet":1,"minecraft:golden_shovel":1,"minecraft:fletching_table":2,"minecraft:bucket":1,"minecraft:birch_planks":12,"minecraft:stone_axe":2,"minecraft:air":0,"minecraft:oak_boat":1,"minecraft:shield":1,"minecraft:stick":1040,"minecraft:iron_ingot":15,"minecraft:iron_pickaxe":1,"minecraft:stone_sword":1,"minecraft:iron_leggings":1,"minecraft:iron_shovel":1,"minecraft:gold_ingot":9,"minecraft:white_bed":1,"minecraft:spruce_fence_gate":4,"minecraft:torch":4},"minecraft:mined":{"minecraft:blue_carpet":1,"minecraft:red_carpet":1,"minecraft:spruce_planks":19,"minecraft:white_bed":4,"minecraft:nether_bricks":4,"minecraft:grass_block":162,"minecraft:spruce_fence":31,"minecraft:spruce_leaves":13,"minecraft:diorite_stairs":2,"minecraft:nether_wart":20,"minecraft:sandstone":15,"minecraft:large_fern":1,"minecraft:furnace":5,"minecraft:iron_ore":12,"minecraft:fire":9,"minecraft:snow":8,"minecraft:stripped_spruce_log":103,"minecraft:pumpkin":4,"minecraft:fletching_table":6,"minecraft:nether_brick_stairs":1,"minecraft:gold_block":2,"minecraft:dirt_path":105,"minecraft:water_cauldron":2,"minecraft:iron_bars":3,"minecraft:packed_ice":24,"minecraft:stone":41,"minecraft:spruce_slab":8,"minecraft:smithing_table":1,"minecraft:glass_pane":1,"minecraft:soul_sand":20,"minecraft:smoker":2,"minecraft:crafting_table":7,"minecraft:short_grass":2,"minecraft:chest":2,"minecraft:nether_quartz_ore":37,"minecraft:tall_grass":1,"minecraft:sugar_cane":10,"minecraft:grindstone":2,"minecraft:oak_planks":6,"minecraft:diorite":5,"minecraft:blue_bed":6,"minecraft:spruce_stairs":7,"minecraft:birch_log":7,"minecraft:sweet_berry_bush":10,"minecraft:spruce_log":64,"minecraft:birch_leaves":1,"minecraft:coal_ore":5,"minecraft:oak_log":8,"minecraft:diorite_wall":5,"minecraft:sand":7,"minecraft:dirt":42,"minecraft:spruce_fence_gate":1,"minecraft:netherrack":46,"minecraft:oak_leaves":2}},"DataVersion":3953}