{"stats":{"minecraft:crafted":{"minecraft:smooth_stone":18,"minecraft:oak_sign":44,"minecraft:blaze_powder":2,"minecraft:lever":13,"minecraft:cooked_mutton":1,"minecraft:shulker_box":6,"minecraft:glass":477,"minecraft:diamond_helmet":6,"minecraft:repeater":13,"minecraft:diamond_leggings":6,"minecraft:beacon":1,"minecraft:decorated_pot":3,"minecraft:emerald":332,"minecraft:cooked_porkchop":6,"minecraft:diamond_axe":6,"minecraft:spruce_door":3,"minecraft:smithing_table":1,"minecraft:copper_ingot":14,"minecraft:sticky_piston":3,"minecraft:fletching_table":2,"minecraft:dark_oak_sapling":8,"minecraft:wooden_hoe":1,"minecraft:crafter":2,"minecraft:iron_pickaxe":4,"minecraft:iron_block":255,"minecraft:gold_ingot":312,"minecraft:netherite_ingot":9,"minecraft:composter":6,"minecraft:spruce_fence_gate":4,"minecraft:golden_carrot":140,"minecraft:stone_shovel":12,"minecraft:smooth_stone_slab":30,"minecraft:spyglass":1,"minecraft:bone_meal":162,"minecraft:netherite_axe":1,"minecraft:ladder":9,"minecraft:spruce_slab":30,"minecraft:red_shulker_box":1,"minecraft:stone_pickaxe":14,"minecraft:diamond_boots":6,"minecraft:redstone_block":2,"minecraft:dark_oak_planks":364,"minecraft:chainmail_leggings":12,"minecraft:wheat":27,"minecraft:crossbow":13,"minecraft:netherite_pickaxe":1,"minecraft:red_bed":3,"minecraft:enchanted_book":11,"minecraft:oak_fence_gate":2,"minecraft:iron_shovel":8,"minecraft:iron_leggings":2,"minecraft:white_bed":1,"minecraft:brick":50,"minecraft:oak_planks":1356,"minecraft:barrel":1,"minecraft:cooked_chicken":2,"minecraft:stone":3,"minecraft:suspicious_stew":2,"minecraft:hopper":120,"minecraft:stone_brick_slab":12,"minecraft:bow":5,"minecraft:iron_boots":1,"minecraft:comparator":10,"minecraft:chest":181,"minecraft:netherite_helmet":1,"minecraft:netherite_upgrade_smithing_template":12,"minecraft:rail":16,"minecraft:stone_bricks":256,"minecraft:golden_boots":1,"minecraft:smoker":3,"minecraft:dropper":185,"minecraft:oak_slab":12,"minecraft:crafting_table":7,"minecraft:spruce_planks":2180,"minecraft:iron_helmet":1,"minecraft:wooden_pickaxe":1,"minecraft:baked_potato":26,"minecraft:chainmail_chestplate":12,"minecraft:hopper_minecart":3,"minecraft:gold_block":17,"minecraft:birch_planks":12,"minecraft:dispenser":2,"minecraft:iron_chestplate":12,"minecraft:diamond_pickaxe":10,"minecraft:charcoal":59,"minecraft:shield":1,"minecraft:stick":3608,"minecraft:iron_ingot":296,"minecraft:stone_sword":2,"minecraft:redstone_torch":71,"minecraft:raw_iron":9,"minecraft:stone_brick_wall":26,"minecraft:furnace":27,"minecraft:blast_furnace":1,"minecraft:piston":141,"minecraft:dark_oak_trapdoor":8,"minecraft:oak_trapdoor":10,"minecraft:flint_and_steel":1,"minecraft:iron_axe":2,"minecraft:iron_hoe":1,"minecraft:netherite_scrap":36,"minecraft:observer":270,"minecraft:minecart":3,"minecraft:cooked_beef":8,"minecraft:red_dye":4,"minecraft:diamond_sword":2,"minecraft:jungle_wood":60,"minecraft:powered_rail":42,"minecraft:activator_rail":12,"minecraft:iron_sword":1,"minecraft:golden_shovel":1,"minecraft:bucket":13,"minecraft:stone_axe":3,"minecraft:air":0,"minecraft:bread":86,"minecraft:jungle_planks":244,"minecraft:oak_boat":2,"minecraft:gold_nugget":692,"minecraft:netherite_shovel":1,"minecraft:torch":16,"minecraft:diamond_chestplate":5},"minecraft:used":{"minecraft:moss_block":4,"minecraft:writable_book":1,"minecraft:dispenser":2,"minecraft:spruce_slab":4,"minecraft:elytra":2,"minecraft:ladder":7,"minecraft:poppy":188,"minecraft:chest":138,"minecraft:stone":2098,"minecraft:farmland":16,"minecraft:soul_sand":4,"minecraft:cocoa_beans":3,"minecraft:crafter":18,"minecraft:snowball":73,"minecraft:lava_bucket":8,"minecraft:netherite_shovel":1602,"minecraft:villager_spawn_egg":3,"minecraft:grass_block":1179,"minecraft:copper_ore":8,"minecraft:dark_oak_button":1,"minecraft:red_stained_glass_pane":1,"minecraft:sweet_berries":8,"minecraft:oak_sapling":5,"minecraft:furnace":32,"minecraft:potato":38,"minecraft:diorite":3,"minecraft:spruce_door":1,"minecraft:powered_rail":59,"minecraft:wooden_pickaxe":3,"minecraft:composter":27,"minecraft:smooth_quartz_stairs":2,"minecraft:cookie":8,"minecraft:dark_oak_trapdoor":7,"minecraft:sand":533,"minecraft:blast_furnace":2,"minecraft:netherite_helmet":1,"minecraft:pumpkin_seeds":51,"minecraft:deepslate_iron_ore":64,"minecraft:lectern":6,"minecraft:diamond_sword":1217,"minecraft:smithing_table":2,"minecraft:white_stained_glass":8,"minecraft:oak_boat":9,"minecraft:oak_trapdoor":10,"minecraft:stone_sword":152,"minecraft:red_concrete":2,"minecraft:netherrack":1137,"minecraft:torch":157,"minecraft:brewing_stand":1,"minecraft:anvil":4,"minecraft:nether_quartz_ore":156,"minecraft:golden_shovel":32,"minecraft:nether_brick_stairs":1,"minecraft:oak_fence_gate":4,"minecraft:red_shulker_box":1,"minecraft:iron_axe":369,"minecraft:iron_block":143,"minecraft:polished_deepslate_wall":62,"minecraft:jungle_log":18,"minecraft:smooth_quartz":78,"minecraft:barrel":1,"minecraft:bamboo":2,"minecraft:cobbled_deepslate":25,"minecraft:observer":406,"minecraft:wheat_seeds":7,"minecraft:water_bucket":326,"minecraft:dirt_path":1,"minecraft:fletching_table":8,"minecraft:spruce_fence_gate":4,"minecraft:deepslate_bricks":2,"minecraft:rail":70,"minecraft:comparator":23,"minecraft:tnt":465,"minecraft:oak_slab":1,"minecraft:crafting_table":14,"minecraft:red_bed":3,"minecraft:white_bed":7,"minecraft:spruce_log":10,"minecraft:oxeye_daisy":1,"minecraft:diamond_pickaxe":2959,"minecraft:cornflower":1,"minecraft:warped_trapdoor":1,"minecraft:iron_pickaxe":635,"minecraft:suspicious_stew":2,"minecraft:spruce_trapdoor":2,"minecraft:spruce_sapling":22,"minecraft:crimson_nylium":4,"minecraft:blue_carpet":1,"minecraft:cobblestone":21,"minecraft:orange_banner":1,"minecraft:cooked_porkchop":7,"minecraft:kelp":219,"minecraft:dandelion":20,"minecraft:iron_shovel":813,"minecraft:oak_sign":21,"minecraft:decorated_pot":10,"minecraft:shield":38,"minecraft:white_terracotta":2,"minecraft:iron_sword":126,"minecraft:zombie_spawn_egg":1,"minecraft:player_head":1,"minecraft:spruce_leaves":4,"minecraft:iron_chestplate":1,"minecraft:jungle_planks":1,"minecraft:nether_bricks":4,"minecraft:carrot":72,"minecraft:obsidian":14,"minecraft:glass":663,"minecraft:coal_ore":35,"minecraft:crimson_roots":12,"minecraft:hopper_minecart":29,"minecraft:stone_bricks":193,"minecraft:deepslate_diamond_ore":33,"minecraft:repeater":17,"minecraft:red_carpet":12,"minecraft:stripped_spruce_wood":1,"minecraft:dark_oak_sapling":30,"minecraft:zombie_horse_spawn_egg":1,"minecraft:dropper":144,"minecraft:wither_skeleton_skull":3,"minecraft:stone_pickaxe":55,"minecraft:oak_planks":54,"minecraft:ender_pearl":53,"minecraft:sandstone":10,"minecraft:redstone_block":59,"minecraft:sugar_cane":116,"minecraft:diamond_axe":215,"minecraft:blue_bed":6,"minecraft:golden_hoe":12,"minecraft:black_banner":3,"minecraft:deepslate_redstone_ore":186,"minecraft:sponge":3,"minecraft:stone_brick_wall":28,"minecraft:end_stone":132,"minecraft:lever":13,"minecraft:sticky_piston":4,"minecraft:redstone_torch":9,"minecraft:firework_rocket":19,"minecraft:dark_oak_log":4,"minecraft:bread":63,"minecraft:string":3,"minecraft:gravel":17,"minecraft:andesite":1,"minecraft:smooth_stone_slab":29,"minecraft:bone_meal":64,"minecraft:purpur_block":7,"minecraft:netherite_sword":140,"minecraft:flint_and_steel":22,"minecraft:redstone":152,"minecraft:spruce_planks":135,"minecraft:ender_chest":2,"minecraft:cooked_chicken":2,"minecraft:spyglass":75,"minecraft:dirt":1017,"minecraft:hopper":254,"minecraft:shulker_box":3,"minecraft:iron_hoe":40,"minecraft:stone_brick_slab":11,"minecraft:bookshelf":2,"minecraft:oak_stairs":5,"minecraft:red_candle":57,"minecraft:iron_boots":1,"minecraft:golden_carrot":160,"minecraft:soul_soil":1,"minecraft:netherite_pickaxe":20801,"minecraft:minecart":1,"minecraft:iron_leggings":1,"minecraft:cooked_mutton":7,"minecraft:iron_ore":13,"minecraft:netherite_chestplate":1,"minecraft:baked_potato":27,"minecraft:beacon":2,"minecraft:stonecutter":1,"minecraft:jungle_wood":9,"minecraft:red_mushroom":1,"minecraft:smoker":8,"minecraft:nether_gold_ore":62,"minecraft:piston":238,"minecraft:wooden_hoe":59,"minecraft:flower_pot":30,"minecraft:activator_rail":14,"minecraft:lapis_ore":7,"minecraft:netherite_axe":1043,"minecraft:stone_axe":32,"minecraft:bucket":328,"minecraft:smooth_stone":1393},"minecraft:custom":{"minecraft:interact_with_crafting_table":302,"minecraft:open_barrel":35,"minecraft:bell_ring":8,"minecraft:leave_game":47,"minecraft:time_since_death":36778,"minecraft:damage_blocked_by_shield":1950,"minecraft:play_time":1694936,"minecraft:deaths":8,"minecraft:jump":22264,"minecraft:enchant_item":15,"minecraft:interact_with_furnace":379,"minecraft:traded_with_villager":486,"minecraft:sleep_in_bed":63,"minecraft:damage_dealt":112112,"minecraft:interact_with_smoker":105,"minecraft:inspect_dispenser":9,"minecraft:interact_with_smithing_table":22,"minecraft:inspect_dropper":79,"minecraft:interact_with_anvil":52,"minecraft:inspect_hopper":367,"minecraft:sneak_time":287425,"minecraft:interact_with_lectern":12,"minecraft:interact_with_blast_furnace":36,"minecraft:total_world_time":1694936,"minecraft:interact_with_stonecutter":6,"minecraft:time_since_rest":36809,"minecraft:swim_one_cm":720020,"minecraft:fly_one_cm":5155811,"minecraft:open_chest":1124,"minecraft:fall_one_cm":436410,"minecraft:open_shulker_box":12,"minecraft:damage_resisted":0,"minecraft:sprint_one_cm":3374516,"minecraft:drop":355,"minecraft:talked_to_villager":200,"minecraft:interact_with_brewingstand":1,"minecraft:walk_on_water_one_cm":413733,"minecraft:open_enderchest":10,"minecraft:interact_with_beacon":1,"minecraft:player_kills":2,"minecraft:crouch_one_cm":1135179,"minecraft:mob_kills":1391,"minecraft:climb_one_cm":9513,"minecraft:walk_one_cm":3252228,"minecraft:walk_under_water_one_cm":361867,"minecraft:boat_one_cm":252319,"minecraft:pot_flower":30,"minecraft:interact_with_grindstone":22,"minecraft:damage_taken":16116,"minecraft:aviate_one_cm":855431},"minecraft:broken":{"minecraft:iron_axe":1,"minecraft:iron_pickaxe":1,"minecraft:wooden_hoe":1,"minecraft:iron_shovel":3,"minecraft:golden_shovel":1},"minecraft:dropped":{"minecraft:lapis_lazuli":45,"minecraft:oak_pressure_plate":2,"minecraft:cooked_beef":8,"minecraft:diamond":29,"minecraft:crossbow":14,"minecraft:cookie":2,"minecraft:saddle":1,"minecraft:elytra":1,"minecraft:leather_helmet":2,"minecraft:dirt":108,"minecraft:writable_book":1,"minecraft:bone_meal":135,"minecraft:sand":30,"minecraft:bone":44,"minecraft:oak_door":3,"minecraft:sugar_cane":1,"minecraft:lever":12,"minecraft:cobbled_deepslate":185,"minecraft:wheat":1,"minecraft:rotten_flesh":42,"minecraft:oak_planks":2,"minecraft:netherite_shovel":1,"minecraft:glowstone_dust":9,"minecraft:blaze_powder":2,"minecraft:nether_brick_fence":3,"minecraft:diorite_wall":10,"minecraft:hopper":3,"minecraft:ladder":3,"minecraft:leather_leggings":1,"minecraft:golden_boots":1,"minecraft:iron_ingot":127,"minecraft:netherite_pickaxe":1,"minecraft:wheat_seeds":4,"minecraft:golden_horse_armor":1,"minecraft:netherite_helmet":2,"minecraft:oak_fence":4,"minecraft:cobblestone":106,"minecraft:apple":2,"minecraft:granite":8,"minecraft:coal":2,"minecraft:lava_bucket":2,"minecraft:diamond_helmet":2,"minecraft:oak_stairs":2,"minecraft:iron_shovel":2,"minecraft:string":3,"minecraft:soul_soil":3,"minecraft:netherite_ingot":1,"minecraft:stone_sword":2,"minecraft:deepslate":8,"minecraft:stone_shovel":12,"minecraft:nether_bricks":6,"minecraft:oak_sign":4,"minecraft:diamond_sword":2,"minecraft:potato":7,"minecraft:stone":28,"minecraft:spruce_trapdoor":1,"minecraft:spruce_planks":1,"minecraft:diamond_pickaxe":2,"minecraft:spider_eye":1,"minecraft:stone_bricks":2,"minecraft:sandstone":2,"minecraft:bow":4,"minecraft:bell":1,"minecraft:crimson_nylium":10,"minecraft:soul_sand":130,"minecraft:diamond_axe":1,"minecraft:oak_log":18,"minecraft:ender_pearl":17,"minecraft:dark_oak_sapling":11,"minecraft:netherite_upgrade_smithing_template":61,"minecraft:jungle_planks":1,"minecraft:flint":1,"minecraft:cobblestone_stairs":1,"minecraft:dark_oak_log":116,"minecraft:mutton":2,"minecraft:crimson_roots":3,"minecraft:snowball":44,"minecraft:pumpkin_pie":1,"minecraft:stripped_oak_wood":1,"minecraft:gold_ingot":4,"minecraft:gravel":5,"minecraft:spyglass":2,"minecraft:chiseled_tuff_bricks":5,"minecraft:beetroot":1,"minecraft:diorite_stairs":3,"minecraft:cooked_mutton":2,"minecraft:poppy":14,"minecraft:oak_fence_gate":2,"minecraft:leather_chestplate":1,"minecraft:gunpowder":7,"minecraft:beetroot_seeds":3,"minecraft:lingering_potion":3,"minecraft:basalt":9,"minecraft:iron_bars":3,"minecraft:arrow":79,"minecraft:quartz":56,"minecraft:netherrack":575,"minecraft:water_bucket":1,"minecraft:bread":38,"minecraft:oak_slab":5,"minecraft:mossy_cobblestone":6,"minecraft:diamond_leggings":1,"minecraft:poisonous_potato":1,"minecraft:observer":61,"minecraft:hopper_minecart":1,"minecraft:spruce_stairs":2,"minecraft:grass_block":1,"minecraft:stick":31,"minecraft:iron_block":1,"minecraft:diorite":9,"minecraft:torch":22,"minecraft:repeater":1,"minecraft:nether_wart_block":2,"minecraft:green_carpet":2,"minecraft:iron_axe":1,"minecraft:bucket":2,"minecraft:dandelion":3,"minecraft:kelp":113,"minecraft:tuff_bricks":2,"minecraft:sweet_berries":13,"minecraft:nether_wart":20,"minecraft:coarse_dirt":1,"minecraft:blaze_rod":11,"minecraft:tuff":2,"minecraft:flint_and_steel":2,"minecraft:copper_ore":11,"minecraft:shield":1,"minecraft:oak_button":1,"minecraft:diamond_chestplate":2,"minecraft:andesite":10,"minecraft:diamond_boots":1,"minecraft:spruce_log":246,"minecraft:stone_pickaxe":13,"minecraft:wooden_pickaxe":2,"minecraft:magma_cream":7},"minecraft:killed_by":{"minecraft:zombie":1,"minecraft:blaze":1,"minecraft:player":4,"minecraft:skeleton":2},"minecraft:killed":{"minecraft:shulker":21,"minecraft:skeleton":24,"minecraft:chicken":1,"minecraft:magma_cube":26,"minecraft:iron_golem":8,"minecraft:zombie":89,"minecraft:cow":7,"minecraft:enderman":968,"minecraft:zombified_piglin":1,"minecraft:spider":13,"minecraft:wither":1,"minecraft:piglin_brute":1,"minecraft:piglin":6,"minecraft:pig":3,"minecraft:zombie_villager":2,"minecraft:creeper":22,"minecraft:sheep":5,"minecraft:stray":2,"minecraft:ghast":3,"minecraft:blaze":13,"minecraft:bogged":1,"minecraft:hoglin":1,"minecraft:wither_skeleton":1},"minecraft:picked_up":{"minecraft:iron_chestplate":2,"minecraft:smithing_table":1,"minecraft:diamond_sword":5,"minecraft:oak_stairs":38,"minecraft:brewing_stand":1,"minecraft:polished_deepslate_wall":4,"minecraft:polished_blackstone_brick_stairs":2,"minecraft:string":2116,"minecraft:dark_oak_trapdoor":2,"minecraft:soul_soil":4,"minecraft:beetroot":1,"minecraft:diamond_leggings":1,"minecraft:gold_nugget":593,"minecraft:cobbled_deepslate":207,"minecraft:spruce_planks":120,"minecraft:netherite_upgrade_smithing_template":7,"minecraft:hopper_minecart":29,"minecraft:composter":16,"minecraft:waxed_weathered_copper_bulb":2,"minecraft:warped_button":6,"minecraft:golden_chestplate":1,"minecraft:cauldron":2,"minecraft:yellow_banner":1,"minecraft:stone_sword":4,"minecraft:iron_block":395,"minecraft:end_rod":5,"minecraft:white_terracotta":2,"minecraft:netherite_chestplate":6,"minecraft:blaze_rod":17,"minecraft:iron_bars":6,"minecraft:snowball":156,"minecraft:birch_log":7,"minecraft:feather":3,"minecraft:cherry_leaves":4,"minecraft:water_bucket":2,"minecraft:jungle_log":99,"minecraft:smoker":7,"minecraft:flint":4,"minecraft:stripped_spruce_wood":45,"minecraft:netherite_leggings":6,"minecraft:lantern":6,"minecraft:stonecutter":2,"minecraft:dark_oak_sign":9,"minecraft:diamond_helmet":2,"minecraft:glowstone_dust":9,"minecraft:moss_block":83,"minecraft:dropper":135,"minecraft:stripped_spruce_log":103,"minecraft:ink_sac":2,"minecraft:dark_oak_log":211,"minecraft:dispenser":4,"minecraft:deepslate":72,"minecraft:lever":20,"minecraft:granite":66,"minecraft:golden_horse_armor":4,"minecraft:bread":6,"minecraft:crimson_roots":16,"minecraft:diamond_pickaxe":2,"minecraft:spruce_leaves":4,"minecraft:crafting_table":10,"minecraft:coarse_dirt":1,"minecraft:nether_wart":80,"minecraft:orange_banner":2,"minecraft:dragon_head":1,"minecraft:purpur_block":7,"minecraft:cornflower":1,"minecraft:elytra":5,"minecraft:flint_and_steel":3,"minecraft:iron_shovel":1,"minecraft:netherite_sword":3,"minecraft:deepslate_diamond_ore":33,"minecraft:beef":12,"minecraft:poppy":25,"minecraft:spruce_slab":29,"minecraft:minecart":1,"minecraft:chest":67,"minecraft:piston":241,"minecraft:copper_ore":67,"minecraft:sandstone":18,"minecraft:stone":3195,"minecraft:oak_door":8,"minecraft:amethyst_cluster":2,"minecraft:spruce_fence":31,"minecraft:carrot":237,"minecraft:redstone":1420,"minecraft:netherite_pickaxe":13,"minecraft:blue_carpet":1,"minecraft:diamond_chestplate":2,"minecraft:decorated_pot":2,"minecraft:beetroot_seeds":3,"minecraft:deepslate_bricks":1,"minecraft:diamond_boots":1,"minecraft:hay_block":75,"minecraft:warped_sign":2,"minecraft:gold_ingot":9,"minecraft:tuff_bricks":2,"minecraft:mutton":12,"minecraft:white_wool":23,"minecraft:bone_block":36,"minecraft:rail":82,"minecraft:oxeye_daisy":1,"minecraft:lapis_ore":7,"minecraft:stripped_oak_log":22,"minecraft:red_mushroom":1,"minecraft:crafter":8,"minecraft:oak_log":466,"minecraft:ancient_debris":39,"minecraft:golden_boots":2,"minecraft:diorite_stairs":5,"minecraft:blue_bed":6,"minecraft:white_banner":1,"minecraft:apple":4,"minecraft:stone_bricks":21,"minecraft:kelp":762,"minecraft:oak_fence_gate":6,"minecraft:stone_pickaxe":1,"minecraft:iron_ore":13,"minecraft:flowering_azalea":4,"minecraft:sweet_berries":33,"minecraft:spyglass":3,"minecraft:gravel":29,"minecraft:spruce_sapling":39,"minecraft:spruce_log":494,"minecraft:crying_obsidian":9,"minecraft:leather_helmet":1,"minecraft:firework_rocket":6,"minecraft:coal_ore":101,"minecraft:stone_axe":1,"minecraft:diamond_axe":1,"minecraft:deepslate_redstone_ore":186,"minecraft:oak_button":1,"minecraft:lodestone":2,"minecraft:baked_potato":1,"minecraft:crimson_nylium":31,"minecraft:hopper":176,"minecraft:ender_pearl":37,"minecraft:shulker_shell":12,"minecraft:wheat":41,"minecraft:nether_brick_fence":3,"minecraft:redstone_block":5,"minecraft:ender_chest":3,"minecraft:yellow_wool":18,"minecraft:raw_copper":73,"minecraft:smooth_stone_slab":32,"minecraft:iron_leggings":1,"minecraft:sticky_piston":5,"minecraft:netherite_ingot":1,"minecraft:oak_sign":14,"minecraft:activator_rail":5,"minecraft:smooth_stone":685,"minecraft:comparator":24,"minecraft:bucket":21,"minecraft:redstone_torch":21,"minecraft:azalea":4,"minecraft:deepslate_iron_ore":64,"minecraft:iron_boots":1,"minecraft:furnace":24,"minecraft:tipped_arrow":1,"minecraft:stick":96,"minecraft:oak_fence":76,"minecraft:torch":50,"minecraft:spruce_stairs":6,"minecraft:porkchop":7,"minecraft:dried_kelp":6,"minecraft:netherite_shovel":6,"minecraft:diorite":67,"minecraft:nether_gold_ore":76,"minecraft:rotten_flesh":110,"minecraft:obsidian":8,"minecraft:blaze_powder":4,"minecraft:cobblestone":1826,"minecraft:magma_cream":7,"minecraft:repeater":10,"minecraft:andesite":11,"minecraft:potato":71,"minecraft:tuff":66,"minecraft:lapis_lazuli":160,"minecraft:dirt":1472,"minecraft:name_tag":3,"minecraft:glass":730,"minecraft:bone":110,"minecraft:bow":3,"minecraft:wheat_seeds":135,"minecraft:raw_gold":5,"minecraft:bell":2,"minecraft:grindstone":2,"minecraft:netherite_axe":6,"minecraft:fletching_table":6,"minecraft:bamboo":32,"minecraft:powered_rail":82,"minecraft:oak_planks":153,"minecraft:ghast_tear":20,"minecraft:diorite_wall":15,"minecraft:oak_pressure_plate":2,"minecraft:poisonous_potato":1,"minecraft:sand":1359,"minecraft:jungle_planks":1,"minecraft:nether_brick_stairs":1,"minecraft:grass_block":12,"minecraft:mossy_cobblestone":9,"minecraft:shulker_box":31,"minecraft:spruce_fence_gate":3,"minecraft:diamond":112,"minecraft:netherite_helmet":8,"minecraft:polished_blackstone_button":26,"minecraft:cracked_polished_blackstone_bricks":36,"minecraft:crossbow":1,"minecraft:bone_meal":29,"minecraft:emerald":128,"minecraft:oak_sapling":5,"minecraft:netherrack":2480,"minecraft:nether_star":1,"minecraft:end_stone_bricks":12,"minecraft:lingering_potion":3,"minecraft:cocoa_beans":3,"minecraft:charcoal":3,"minecraft:chicken":4,"minecraft:ladder":10,"minecraft:wooden_pickaxe":2,"minecraft:stone_brick_wall":1,"minecraft:gold_block":31,"minecraft:brick":46,"minecraft:shield":3,"minecraft:moss_carpet":13,"minecraft:iron_axe":1,"minecraft:blackstone":128,"minecraft:dark_prismarine_stairs":1,"minecraft:oak_boat":9,"minecraft:player_head":102,"minecraft:observer":606,"minecraft:lectern":5,"minecraft:sugar_cane":106,"minecraft:spruce_trapdoor":1,"minecraft:dark_oak_sapling":33,"minecraft:raw_iron":288,"minecraft:end_stone":540,"minecraft:polished_blackstone_bricks":65,"minecraft:cookie":10,"minecraft:arrow":95,"minecraft:red_shulker_box":4,"minecraft:pumpkin_pie":1,"minecraft:nether_bricks":10,"minecraft:saddle":2,"minecraft:black_banner":2,"minecraft:netherite_boots":6,"minecraft:dark_oak_button":3,"minecraft:basalt":9,"minecraft:golden_carrot":447,"minecraft:crimson_stem":1,"minecraft:leather":11,"minecraft:crimson_fungus":1,"minecraft:chainmail_chestplate":1,"minecraft:yellow_bed":1,"minecraft:nether_wart_block":2,"minecraft:gunpowder":68,"minecraft:cobblestone_stairs":1,"minecraft:wooden_hoe":1,"minecraft:cooked_mutton":8,"minecraft:red_carpet":2,"minecraft:iron_ingot":393,"minecraft:stripped_oak_wood":2,"minecraft:prismarine_brick_slab":1,"minecraft:soul_sand":170,"minecraft:book":6,"minecraft:scaffolding":13,"minecraft:oak_slab":36,"minecraft:nether_quartz_ore":156,"minecraft:pumpkin":4,"minecraft:quartz":721,"minecraft:dandelion":22,"minecraft:raw_iron_block":1,"minecraft:lava_bucket":2,"minecraft:amethyst_shard":4,"minecraft:red_banner":4,"minecraft:blast_furnace":1,"minecraft:white_bed":8,"minecraft:spruce_door":11,"minecraft:green_carpet":2,"minecraft:spider_eye":2,"minecraft:bamboo_mosaic":1,"minecraft:dried_kelp_block":110,"minecraft:iron_helmet":2,"minecraft:red_concrete":5,"minecraft:chiseled_tuff_bricks":5,"minecraft:coal":180},"minecraft:mined":{"minecraft:dragon_wall_head":1,"minecraft:blue_carpet":1,"minecraft:red_shulker_box":1,"minecraft:white_bed":8,"minecraft:obsidian":9,"minecraft:granite":66,"minecraft:chiseled_polished_blackstone":1,"minecraft:stone_brick_wall":2,"minecraft:jungle_log":100,"minecraft:oak_pressure_plate":1,"minecraft:deepslate_bricks":1,"minecraft:diorite_stairs":2,"minecraft:chiseled_tuff_bricks":17,"minecraft:hopper":193,"minecraft:nether_wart":20,"minecraft:oak_wall_sign":1,"minecraft:oxeye_daisy":1,"minecraft:polished_blackstone_bricks":87,"minecraft:weeping_vines_plant":2,"minecraft:tall_seagrass":12,"minecraft:magma_block":15,"minecraft:cobbled_deepslate":6,"minecraft:sticky_piston":3,"minecraft:fire":67,"minecraft:pumpkin":4,"minecraft:fletching_table":6,"minecraft:nether_brick_stairs":1,"minecraft:oak_sign":4,"minecraft:water_cauldron":2,"minecraft:dirt_path":152,"minecraft:oak_stairs":20,"minecraft:green_carpet":1,"minecraft:iron_block":59,"minecraft:player_head":1,"minecraft:tripwire":5,"minecraft:piston_head":2,"minecraft:kelp_plant":54,"minecraft:player_wall_head":32,"minecraft:smoker":8,"minecraft:crimson_nylium":102,"minecraft:amethyst_cluster":4,"minecraft:torch":4,"minecraft:blast_furnace":1,"minecraft:glass":427,"minecraft:sugar_cane":52,"minecraft:amethyst_block":1,"minecraft:white_terracotta":2,"minecraft:repeater":4,"minecraft:wheat":24,"minecraft:waxed_copper_block":2,"minecraft:oak_fence_gate":2,"minecraft:dark_oak_sapling":6,"minecraft:stonecutter":1,"minecraft:piston":136,"minecraft:deepslate":975,"minecraft:mossy_cobblestone":6,"minecraft:dark_oak_log":211,"minecraft:shulker_box":2,"minecraft:end_stone":219,"minecraft:crafter":8,"minecraft:nether_bricks":10,"minecraft:spruce_fence":31,"minecraft:jungle_planks":1,"minecraft:crimson_roots":7,"minecraft:redstone_wire":20,"minecraft:moss_block":27,"minecraft:kelp":271,"minecraft:snow":77,"minecraft:andesite":11,"minecraft:potatoes":24,"minecraft:vine":33,"minecraft:rail":60,"minecraft:waxed_weathered_copper_bulb":2,"minecraft:bone_block":10,"minecraft:white_wool":9,"minecraft:ender_chest":3,"minecraft:smithing_table":1,"minecraft:oak_slab":19,"minecraft:redstone_block":5,"minecraft:glass_pane":5,"minecraft:comparator":15,"minecraft:soul_sand":175,"minecraft:observer":308,"minecraft:dandelion":22,"minecraft:cornflower":1,"minecraft:short_grass":95,"minecraft:dropper":143,"minecraft:purpur_pillar":11,"minecraft:tall_grass":38,"minecraft:copper_ore":51,"minecraft:diorite":63,"minecraft:coarse_dirt":1,"minecraft:stripped_spruce_wood":45,"minecraft:spruce_log":317,"minecraft:birch_leaves":1,"minecraft:gravel":31,"minecraft:spruce_fence_gate":1,"minecraft:stone_bricks":22,"minecraft:gold_ore":5,"minecraft:large_amethyst_bud":2,"minecraft:spruce_planks":22,"minecraft:cobblestone_stairs":1,"minecraft:brewing_stand":1,"minecraft:grass_block":442,"minecraft:cracked_polished_blackstone_bricks":38,"minecraft:soul_soil":4,"minecraft:composter":18,"minecraft:tuff_bricks":38,"minecraft:smooth_stone":205,"minecraft:raw_iron_block":1,"minecraft:iron_ore":64,"minecraft:iron_bars":3,"minecraft:azalea_leaves":2,"minecraft:end_stone_bricks":15,"minecraft:spruce_slab":8,"minecraft:deepslate_redstone_ore":389,"minecraft:blackstone":100,"minecraft:poppy":4,"minecraft:chest":27,"minecraft:nether_quartz_ore":666,"minecraft:cobblestone":872,"minecraft:grindstone":2,"minecraft:oak_planks":108,"minecraft:wall_torch":3,"minecraft:seagrass":9,"minecraft:powered_rail":53,"minecraft:nether_wart_block":2,"minecraft:yellow_wool":9,"minecraft:birch_log":7,"minecraft:blue_ice":24,"minecraft:activator_rail":13,"minecraft:stripped_oak_wood":2,"minecraft:purpur_block":11,"minecraft:smooth_stone_slab":29,"minecraft:oak_log":410,"minecraft:beetroots":1,"minecraft:diorite_wall":5,"minecraft:sand":1224,"minecraft:dirt":444,"minecraft:dispenser":2,"minecraft:netherrack":6021,"minecraft:ancient_debris":39,"minecraft:polished_deepslate_wall":4,"minecraft:oak_leaves":24,"minecraft:nether_gold_ore":177,"minecraft:diamond_ore":2,"minecraft:red_carpet":2,"minecraft:tuff":238,"minecraft:deepslate_diamond_ore":70,"minecraft:oak_door":1,"minecraft:ladder":2,"minecraft:decorated_pot":5,"minecraft:spruce_leaves":39,"minecraft:sandstone":18,"minecraft:large_fern":1,"minecraft:hay_block":76,"minecraft:spruce_sapling":3,"minecraft:furnace":30,"minecraft:carrots":51,"minecraft:stripped_spruce_log":103,"minecraft:gold_block":18,"minecraft:bell":1,"minecraft:bookshelf":2,"minecraft:deepslate_iron_ore":175,"minecraft:stripped_oak_log":22,"minecraft:packed_ice":72,"minecraft:stone":11712,"minecraft:redstone_wall_torch":1,"minecraft:podzol":158,"minecraft:flowering_azalea":2,"minecraft:snow_block":9,"minecraft:basalt":9,"minecraft:spruce_door":4,"minecraft:oak_fence":40,"minecraft:crafting_table":10,"minecraft:lectern":5,"minecraft:lapis_ore":14,"minecraft:red_concrete":1,"minecraft:polished_blackstone_brick_stairs":2,"minecraft:blue_bed":6,"minecraft:spruce_stairs":7,"minecraft:sweet_berry_bush":17,"minecraft:ice":8,"minecraft:yellow_bed":1,"minecraft:coal_ore":138,"minecraft:cherry_leaves":1,"minecraft:end_rod":4}},"DataVersion":3953}