{"stats":{"minecraft:mined":{"minecraft:blue_carpet":1,"minecraft:large_amethyst_bud":2,"minecraft:spruce_planks":22,"minecraft:white_bed":7,"minecraft:obsidian":2,"minecraft:granite":8,"minecraft:chiseled_polished_blackstone":1,"minecraft:stone_brick_wall":2,"minecraft:grass_block":351,"minecraft:cracked_polished_blackstone_bricks":38,"minecraft:diorite_stairs":2,"minecraft:composter":15,"minecraft:hopper":20,"minecraft:oxeye_daisy":1,"minecraft:nether_wart":20,"minecraft:weeping_vines_plant":1,"minecraft:polished_blackstone_bricks":87,"minecraft:tall_seagrass":1,"minecraft:raw_iron_block":1,"minecraft:magma_block":5,"minecraft:iron_ore":63,"minecraft:sticky_piston":1,"minecraft:fire":22,"minecraft:pumpkin":4,"minecraft:fletching_table":6,"minecraft:nether_brick_stairs":1,"minecraft:water_cauldron":2,"minecraft:dirt_path":136,"minecraft:oak_stairs":4,"minecraft:iron_bars":3,"minecraft:spruce_slab":8,"minecraft:deepslate_redstone_ore":126,"minecraft:blackstone":97,"minecraft:kelp_plant":17,"minecraft:crimson_nylium":65,"minecraft:smoker":5,"minecraft:amethyst_cluster":4,"minecraft:blast_furnace":1,"minecraft:poppy":3,"minecraft:chest":17,"minecraft:glass":24,"minecraft:nether_quartz_ore":404,"minecraft:cobblestone":68,"minecraft:oak_planks":23,"minecraft:sugar_cane":12,"minecraft:grindstone":2,"minecraft:wall_torch":2,"minecraft:amethyst_block":1,"minecraft:white_terracotta":2,"minecraft:seagrass":2,"minecraft:powered_rail":2,"minecraft:nether_wart_block":2,"minecraft:birch_log":7,"minecraft:yellow_wool":9,"minecraft:wheat":7,"minecraft:blue_ice":24,"minecraft:activator_rail":10,"minecraft:stripped_oak_wood":1,"minecraft:smooth_stone_slab":2,"minecraft:oak_log":290,"minecraft:diorite_wall":5,"minecraft:sand":478,"minecraft:dirt":278,"minecraft:dispenser":1,"minecraft:stonecutter":1,"minecraft:ancient_debris":37,"minecraft:netherrack":2636,"minecraft:oak_leaves":12,"minecraft:deepslate":262,"minecraft:nether_gold_ore":44,"minecraft:diamond_ore":2,"minecraft:tuff":174,"minecraft:red_carpet":1,"minecraft:deepslate_diamond_ore":67,"minecraft:crafter":2,"minecraft:nether_bricks":4,"minecraft:spruce_fence":31,"minecraft:decorated_pot":1,"minecraft:crimson_roots":4,"minecraft:redstone_wire":1,"minecraft:spruce_leaves":20,"minecraft:kelp":5,"minecraft:sandstone":18,"minecraft:large_fern":1,"minecraft:hay_block":60,"minecraft:furnace":8,"minecraft:snow":77,"minecraft:andesite":7,"minecraft:stripped_spruce_log":103,"minecraft:gold_block":18,"minecraft:bell":1,"minecraft:potatoes":22,"minecraft:deepslate_iron_ore":175,"minecraft:rail":11,"minecraft:packed_ice":72,"minecraft:stone":1886,"minecraft:white_wool":9,"minecraft:podzol":158,"minecraft:smithing_table":1,"minecraft:oak_slab":18,"minecraft:glass_pane":2,"minecraft:comparator":4,"minecraft:soul_sand":20,"minecraft:snow_block":9,"minecraft:dandelion":19,"minecraft:spruce_door":4,"minecraft:basalt":9,"minecraft:observer":4,"minecraft:oak_fence":36,"minecraft:crafting_table":10,"minecraft:cornflower":1,"minecraft:short_grass":46,"minecraft:lectern":5,"minecraft:copper_ore":26,"minecraft:tall_grass":31,"minecraft:lapis_ore":14,"minecraft:polished_blackstone_brick_stairs":2,"minecraft:diorite":14,"minecraft:blue_bed":6,"minecraft:spruce_stairs":7,"minecraft:coarse_dirt":1,"minecraft:stripped_spruce_wood":45,"minecraft:sweet_berry_bush":10,"minecraft:ice":8,"minecraft:birch_leaves":1,"minecraft:spruce_log":196,"minecraft:yellow_bed":1,"minecraft:coal_ore":97,"minecraft:gravel":24,"minecraft:spruce_fence_gate":1,"minecraft:gold_ore":5},"minecraft:custom":{"minecraft:interact_with_crafting_table":177,"minecraft:bell_ring":8,"minecraft:leave_game":13,"minecraft:time_since_death":8017,"minecraft:sprint_one_cm":1516605,"minecraft:damage_blocked_by_shield":1950,"minecraft:drop":202,"minecraft:talked_to_villager":154,"minecraft:play_time":647033,"minecraft:deaths":4,"minecraft:jump":9217,"minecraft:walk_on_water_one_cm":116069,"minecraft:enchant_item":2,"minecraft:interact_with_furnace":190,"minecraft:traded_with_villager":299,"minecraft:sleep_in_bed":37,"minecraft:open_enderchest":1,"minecraft:damage_dealt":21315,"minecraft:crouch_one_cm":476842,"minecraft:interact_with_smoker":30,"minecraft:interact_with_smithing_table":17,"minecraft:interact_with_anvil":19,"minecraft:mob_kills":81,"minecraft:inspect_hopper":84,"minecraft:climb_one_cm":3304,"minecraft:walk_one_cm":1231618,"minecraft:sneak_time":122567,"minecraft:walk_under_water_one_cm":62829,"minecraft:boat_one_cm":252319,"minecraft:interact_with_blast_furnace":36,"minecraft:total_world_time":647033,"minecraft:interact_with_stonecutter":5,"minecraft:interact_with_grindstone":1,"minecraft:time_since_rest":6065,"minecraft:damage_taken":5400,"minecraft:swim_one_cm":249408,"minecraft:fly_one_cm":2244006,"minecraft:open_chest":435,"minecraft:fall_one_cm":174299},"minecraft:broken":{"minecraft:iron_shovel":3,"minecraft:golden_shovel":1,"minecraft:iron_axe":1,"minecraft:iron_pickaxe":1,"minecraft:wooden_hoe":1},"minecraft:used":{"minecraft:iron_shovel":813,"minecraft:dispenser":1,"minecraft:spruce_slab":4,"minecraft:ladder":7,"minecraft:poppy":2,"minecraft:oak_sign":10,"minecraft:shield":38,"minecraft:decorated_pot":7,"minecraft:chest":53,"minecraft:white_terracotta":2,"minecraft:stone":1095,"minecraft:iron_sword":126,"minecraft:zombie_spawn_egg":1,"minecraft:iron_chestplate":1,"minecraft:nether_bricks":4,"minecraft:crafter":13,"minecraft:snowball":73,"minecraft:obsidian":10,"minecraft:glass":265,"minecraft:villager_spawn_egg":3,"minecraft:lava_bucket":2,"minecraft:netherite_shovel":462,"minecraft:coal_ore":21,"minecraft:copper_ore":1,"minecraft:crimson_roots":12,"minecraft:hopper_minecart":2,"minecraft:repeater":10,"minecraft:deepslate_diamond_ore":33,"minecraft:red_carpet":1,"minecraft:oak_sapling":1,"minecraft:furnace":25,"minecraft:potato":38,"minecraft:stripped_spruce_wood":1,"minecraft:zombie_horse_spawn_egg":1,"minecraft:diorite":3,"minecraft:spruce_door":1,"minecraft:dropper":9,"minecraft:oak_planks":50,"minecraft:stone_pickaxe":55,"minecraft:powered_rail":26,"minecraft:wooden_pickaxe":3,"minecraft:sandstone":10,"minecraft:redstone_block":1,"minecraft:composter":23,"minecraft:sugar_cane":23,"minecraft:diamond_axe":215,"minecraft:blue_bed":6,"minecraft:cookie":8,"minecraft:blast_furnace":2,"minecraft:golden_hoe":12,"minecraft:sand":10,"minecraft:deepslate_redstone_ore":58,"minecraft:stone_brick_wall":28,"minecraft:pumpkin_seeds":50,"minecraft:sticky_piston":4,"minecraft:redstone_torch":4,"minecraft:lever":11,"minecraft:deepslate_iron_ore":64,"minecraft:bread":49,"minecraft:lectern":5,"minecraft:gravel":17,"minecraft:diamond_sword":125,"minecraft:white_stained_glass":8,"minecraft:smithing_table":2,"minecraft:andesite":1,"minecraft:smooth_stone_slab":29,"minecraft:oak_boat":9,"minecraft:bone_meal":6,"minecraft:oak_trapdoor":6,"minecraft:stone_sword":152,"minecraft:flint_and_steel":2,"minecraft:redstone":23,"minecraft:spruce_planks":135,"minecraft:cooked_chicken":2,"minecraft:netherrack":456,"minecraft:torch":7,"minecraft:anvil":3,"minecraft:dirt":835,"minecraft:hopper":132,"minecraft:nether_quartz_ore":40,"minecraft:golden_shovel":32,"minecraft:nether_brick_stairs":1,"minecraft:stone_brick_slab":4,"minecraft:iron_axe":369,"minecraft:oak_stairs":1,"minecraft:iron_boots":1,"minecraft:golden_carrot":23,"minecraft:netherite_pickaxe":3036,"minecraft:cobbled_deepslate":8,"minecraft:observer":18,"minecraft:iron_leggings":1,"minecraft:cooked_mutton":7,"minecraft:wheat_seeds":7,"minecraft:water_bucket":90,"minecraft:iron_ore":13,"minecraft:baked_potato":26,"minecraft:fletching_table":8,"minecraft:spruce_fence_gate":4,"minecraft:stonecutter":1,"minecraft:rail":11,"minecraft:comparator":13,"minecraft:crafting_table":14,"minecraft:red_bed":3,"minecraft:white_bed":6,"minecraft:spruce_log":9,"minecraft:smoker":7,"minecraft:piston":7,"minecraft:wooden_hoe":59,"minecraft:activator_rail":10,"minecraft:diamond_pickaxe":2959,"minecraft:iron_pickaxe":635,"minecraft:lapis_ore":7,"minecraft:netherite_axe":260,"minecraft:suspicious_stew":2,"minecraft:spruce_trapdoor":2,"minecraft:spruce_sapling":11,"minecraft:stone_axe":32,"minecraft:blue_carpet":1,"minecraft:cobblestone":15,"minecraft:cooked_porkchop":7,"minecraft:bucket":89,"minecraft:kelp":6,"minecraft:dandelion":18},"minecraft:dropped":{"minecraft:diamond_axe":1,"minecraft:cooked_beef":8,"minecraft:oak_log":14,"minecraft:diamond":29,"minecraft:crossbow":14,"minecraft:netherite_upgrade_smithing_template":49,"minecraft:cookie":2,"minecraft:saddle":1,"minecraft:leather_helmet":2,"minecraft:flint":1,"minecraft:dirt":16,"minecraft:mutton":2,"minecraft:snowball":44,"minecraft:bone_meal":1,"minecraft:bone":13,"minecraft:gold_ingot":4,"minecraft:cobbled_deepslate":121,"minecraft:diorite_stairs":3,"minecraft:rotten_flesh":10,"minecraft:blaze_powder":2,"minecraft:cooked_mutton":2,"minecraft:nether_brick_fence":3,"minecraft:poppy":14,"minecraft:leather_chestplate":1,"minecraft:diorite_wall":10,"minecraft:hopper":3,"minecraft:leather_leggings":1,"minecraft:iron_bars":3,"minecraft:basalt":9,"minecraft:arrow":4,"minecraft:netherrack":103,"minecraft:bread":38,"minecraft:water_bucket":1,"minecraft:iron_ingot":126,"minecraft:wheat_seeds":2,"minecraft:golden_horse_armor":1,"minecraft:diamond_leggings":1,"minecraft:poisonous_potato":1,"minecraft:cobblestone":78,"minecraft:granite":8,"minecraft:spruce_stairs":2,"minecraft:coal":2,"minecraft:stick":7,"minecraft:lava_bucket":2,"minecraft:diorite":9,"minecraft:torch":7,"minecraft:nether_wart_block":2,"minecraft:diamond_helmet":1,"minecraft:iron_axe":1,"minecraft:iron_shovel":2,"minecraft:dandelion":2,"minecraft:kelp":111,"minecraft:sweet_berries":12,"minecraft:stone_sword":2,"minecraft:coarse_dirt":1,"minecraft:nether_wart":20,"minecraft:blaze_rod":11,"minecraft:deepslate":3,"minecraft:tuff":2,"minecraft:stone_shovel":12,"minecraft:flint_and_steel":2,"minecraft:diamond_sword":1,"minecraft:potato":1,"minecraft:shield":1,"minecraft:diamond_chestplate":1,"minecraft:spruce_trapdoor":1,"minecraft:spruce_planks":1,"minecraft:diamond_pickaxe":1,"minecraft:andesite":6,"minecraft:diamond_boots":1,"minecraft:sandstone":2,"minecraft:bow":4,"minecraft:stone_pickaxe":13,"minecraft:wooden_pickaxe":2,"minecraft:bell":1},"minecraft:picked_up":{"minecraft:iron_chestplate":2,"minecraft:nether_brick_fence":3,"minecraft:yellow_wool":18,"minecraft:smithing_table":1,"minecraft:diamond_sword":3,"minecraft:oak_stairs":4,"minecraft:polished_blackstone_brick_stairs":2,"minecraft:string":8,"minecraft:raw_copper":11,"minecraft:smooth_stone_slab":2,"minecraft:iron_leggings":1,"minecraft:sticky_piston":1,"minecraft:netherite_ingot":1,"minecraft:activator_rail":1,"minecraft:diamond_leggings":1,"minecraft:gold_nugget":58,"minecraft:cobbled_deepslate":126,"minecraft:comparator":9,"minecraft:bucket":1,"minecraft:spruce_planks":120,"minecraft:redstone_torch":14,"minecraft:netherite_upgrade_smithing_template":7,"minecraft:hopper_minecart":2,"minecraft:deepslate_iron_ore":64,"minecraft:iron_boots":1,"minecraft:furnace":9,"minecraft:tipped_arrow":1,"minecraft:stick":74,"minecraft:composter":13,"minecraft:oak_fence":68,"minecraft:torch":26,"minecraft:spruce_stairs":6,"minecraft:porkchop":7,"minecraft:netherite_shovel":2,"minecraft:diorite":18,"minecraft:cauldron":2,"minecraft:stone_sword":4,"minecraft:rotten_flesh":26,"minecraft:white_terracotta":2,"minecraft:netherite_chestplate":2,"minecraft:blaze_rod":17,"minecraft:obsidian":1,"minecraft:iron_bars":6,"minecraft:snowball":156,"minecraft:blaze_powder":4,"minecraft:cobblestone":834,"minecraft:birch_log":7,"minecraft:feather":3,"minecraft:repeater":6,"minecraft:water_bucket":1,"minecraft:andesite":7,"minecraft:smoker":4,"minecraft:potato":59,"minecraft:flint":2,"minecraft:tuff":66,"minecraft:stripped_spruce_wood":45,"minecraft:netherite_leggings":2,"minecraft:lapis_lazuli":94,"minecraft:dirt":1016,"minecraft:lantern":2,"minecraft:glass":3,"minecraft:bone":20,"minecraft:bow":1,"minecraft:stonecutter":2,"minecraft:wheat_seeds":20,"minecraft:raw_gold":5,"minecraft:bell":1,"minecraft:grindstone":2,"minecraft:netherite_axe":2,"minecraft:fletching_table":6,"minecraft:diamond_helmet":1,"minecraft:powered_rail":2,"minecraft:oak_planks":37,"minecraft:diorite_wall":15,"minecraft:poisonous_potato":1,"minecraft:sand":479,"minecraft:stripped_spruce_log":103,"minecraft:nether_brick_stairs":1,"minecraft:spruce_fence_gate":3,"minecraft:dispenser":1,"minecraft:diamond":112,"minecraft:deepslate":67,"minecraft:netherite_helmet":2,"minecraft:cracked_polished_blackstone_bricks":36,"minecraft:crossbow":1,"minecraft:granite":8,"minecraft:bone_meal":4,"minecraft:emerald":64,"minecraft:golden_horse_armor":4,"minecraft:bread":6,"minecraft:oak_sapling":1,"minecraft:netherrack":894,"minecraft:crimson_roots":12,"minecraft:diamond_pickaxe":1,"minecraft:charcoal":3,"minecraft:coarse_dirt":1,"minecraft:crafting_table":10,"minecraft:ladder":7,"minecraft:chicken":4,"minecraft:nether_wart":80,"minecraft:wooden_pickaxe":2,"minecraft:stone_brick_wall":1,"minecraft:gold_block":31,"minecraft:brick":46,"minecraft:shield":3,"minecraft:cornflower":1,"minecraft:iron_axe":1,"minecraft:flint_and_steel":3,"minecraft:blackstone":128,"minecraft:deepslate_diamond_ore":33,"minecraft:beef":12,"minecraft:oak_boat":9,"minecraft:observer":7,"minecraft:poppy":24,"minecraft:spruce_slab":29,"minecraft:lectern":5,"minecraft:sugar_cane":40,"minecraft:chest":58,"minecraft:spruce_trapdoor":1,"minecraft:copper_ore":49,"minecraft:raw_iron":285,"minecraft:sandstone":18,"minecraft:stone":1531,"minecraft:oak_door":3,"minecraft:amethyst_cluster":2,"minecraft:spruce_fence":31,"minecraft:polished_blackstone_bricks":65,"minecraft:cookie":10,"minecraft:redstone":546,"minecraft:netherite_pickaxe":4,"minecraft:blue_carpet":1,"minecraft:arrow":6,"minecraft:diamond_chestplate":1,"minecraft:nether_bricks":4,"minecraft:diamond_boots":1,"minecraft:hay_block":59,"minecraft:saddle":2,"minecraft:gold_ingot":4,"minecraft:mutton":12,"minecraft:rail":9,"minecraft:white_wool":23,"minecraft:lapis_ore":7,"minecraft:netherite_boots":2,"minecraft:basalt":9,"minecraft:golden_carrot":106,"minecraft:leather":11,"minecraft:crafter":2,"minecraft:oak_log":342,"minecraft:ancient_debris":36,"minecraft:golden_boots":1,"minecraft:yellow_bed":1,"minecraft:nether_wart_block":2,"minecraft:wooden_hoe":1,"minecraft:diorite_stairs":5,"minecraft:blue_bed":6,"minecraft:cooked_mutton":8,"minecraft:red_carpet":1,"minecraft:kelp":142,"minecraft:iron_ingot":364,"minecraft:stone_pickaxe":1,"minecraft:iron_ore":13,"minecraft:stripped_oak_wood":1,"minecraft:soul_sand":20,"minecraft:oak_slab":35,"minecraft:nether_quartz_ore":70,"minecraft:pumpkin":4,"minecraft:sweet_berries":24,"minecraft:quartz":281,"minecraft:dandelion":20,"minecraft:raw_iron_block":1,"minecraft:gravel":24,"minecraft:lava_bucket":2,"minecraft:amethyst_shard":4,"minecraft:spruce_sapling":28,"minecraft:blast_furnace":1,"minecraft:white_bed":7,"minecraft:spruce_log":195,"minecraft:crying_obsidian":9,"minecraft:spruce_door":11,"minecraft:spider_eye":1,"minecraft:leather_helmet":1,"minecraft:coal_ore":41,"minecraft:stone_axe":1,"minecraft:iron_helmet":2,"minecraft:deepslate_redstone_ore":58,"minecraft:diamond_axe":1,"minecraft:lodestone":2,"minecraft:coal":148,"minecraft:hopper":18},"minecraft:crafted":{"minecraft:brick":50,"minecraft:smooth_stone":18,"minecraft:oak_planks":908,"minecraft:oak_sign":9,"minecraft:blaze_powder":2,"minecraft:cooked_chicken":2,"minecraft:stone":3,"minecraft:lever":11,"minecraft:cooked_mutton":1,"minecraft:suspicious_stew":2,"minecraft:glass":279,"minecraft:hopper":87,"minecraft:stone_brick_slab":12,"minecraft:diamond_leggings":6,"minecraft:repeater":12,"minecraft:diamond_helmet":6,"minecraft:bow":5,"minecraft:iron_boots":1,"minecraft:comparator":10,"minecraft:decorated_pot":1,"minecraft:chest":100,"minecraft:netherite_helmet":1,"minecraft:rail":16,"minecraft:smoker":2,"minecraft:golden_boots":1,"minecraft:dropper":10,"minecraft:emerald":164,"minecraft:cooked_porkchop":6,"minecraft:diamond_axe":6,"minecraft:crafting_table":6,"minecraft:spruce_planks":1972,"minecraft:iron_helmet":1,"minecraft:wooden_pickaxe":1,"minecraft:baked_potato":26,"minecraft:spruce_door":3,"minecraft:chainmail_chestplate":12,"minecraft:smithing_table":1,"minecraft:hopper_minecart":2,"minecraft:sticky_piston":3,"minecraft:fletching_table":2,"minecraft:gold_block":13,"minecraft:birch_planks":12,"minecraft:dispenser":2,"minecraft:iron_chestplate":12,"minecraft:wooden_hoe":1,"minecraft:charcoal":59,"minecraft:diamond_pickaxe":10,"minecraft:shield":1,"minecraft:stick":3536,"minecraft:crafter":1,"minecraft:iron_ingot":278,"minecraft:iron_pickaxe":4,"minecraft:stone_sword":2,"minecraft:gold_ingot":186,"minecraft:netherite_ingot":9,"minecraft:redstone_torch":70,"minecraft:composter":3,"minecraft:spruce_fence_gate":4,"minecraft:raw_iron":9,"minecraft:stone_shovel":12,"minecraft:stone_brick_wall":26,"minecraft:smooth_stone_slab":30,"minecraft:furnace":20,"minecraft:blast_furnace":1,"minecraft:piston":28,"minecraft:bone_meal":6,"minecraft:oak_trapdoor":10,"minecraft:flint_and_steel":1,"minecraft:netherite_axe":1,"minecraft:iron_axe":2,"minecraft:ladder":9,"minecraft:spruce_slab":30,"minecraft:stone_pickaxe":14,"minecraft:diamond_boots":6,"minecraft:redstone_block":1,"minecraft:netherite_scrap":36,"minecraft:chainmail_leggings":12,"minecraft:minecart":2,"minecraft:observer":51,"minecraft:wheat":27,"minecraft:cooked_beef":8,"minecraft:red_dye":3,"minecraft:crossbow":13,"minecraft:netherite_pickaxe":1,"minecraft:diamond_sword":2,"minecraft:powered_rail":24,"minecraft:activator_rail":12,"minecraft:iron_sword":1,"minecraft:red_bed":3,"minecraft:golden_shovel":1,"minecraft:bucket":4,"minecraft:stone_axe":3,"minecraft:air":0,"minecraft:bread":81,"minecraft:oak_boat":2,"minecraft:netherite_shovel":1,"minecraft:iron_shovel":8,"minecraft:iron_leggings":2,"minecraft:white_bed":1,"minecraft:torch":16,"minecraft:diamond_chestplate":5},"minecraft:killed_by":{"minecraft:blaze":1,"minecraft:zombie":1,"minecraft:player":1,"minecraft:skeleton":1},"minecraft:killed":{"minecraft:spider":4,"minecraft:skeleton":4,"minecraft:chicken":1,"minecraft:piglin_brute":1,"minecraft:magma_cube":1,"minecraft:pig":3,"minecraft:iron_golem":8,"minecraft:creeper":1,"minecraft:sheep":5,"minecraft:zombie":29,"minecraft:stray":2,"minecraft:blaze":13,"minecraft:cow":7,"minecraft:hoglin":1,"minecraft:wither_skeleton":1}},"DataVersion":3953}