{"stats":{"minecraft:mined":{"minecraft:blue_carpet":1,"minecraft:spruce_planks":22,"minecraft:white_bed":7,"minecraft:obsidian":2,"minecraft:granite":8,"minecraft:chiseled_polished_blackstone":1,"minecraft:grass_block":327,"minecraft:cracked_polished_blackstone_bricks":38,"minecraft:diorite_stairs":2,"minecraft:composter":10,"minecraft:hopper":10,"minecraft:nether_wart":20,"minecraft:polished_blackstone_bricks":87,"minecraft:weeping_vines_plant":1,"minecraft:tall_seagrass":1,"minecraft:raw_iron_block":1,"minecraft:magma_block":5,"minecraft:iron_ore":50,"minecraft:fire":22,"minecraft:pumpkin":4,"minecraft:fletching_table":6,"minecraft:nether_brick_stairs":1,"minecraft:water_cauldron":2,"minecraft:dirt_path":136,"minecraft:oak_stairs":3,"minecraft:iron_bars":3,"minecraft:spruce_slab":8,"minecraft:deepslate_redstone_ore":8,"minecraft:blackstone":97,"minecraft:kelp_plant":17,"minecraft:smoker":4,"minecraft:crimson_nylium":65,"minecraft:blast_furnace":1,"minecraft:poppy":3,"minecraft:chest":16,"minecraft:glass":22,"minecraft:nether_quartz_ore":292,"minecraft:cobblestone":23,"minecraft:oak_planks":23,"minecraft:sugar_cane":12,"minecraft:grindstone":2,"minecraft:wall_torch":2,"minecraft:seagrass":2,"minecraft:white_terracotta":2,"minecraft:nether_wart_block":2,"minecraft:yellow_wool":9,"minecraft:birch_log":7,"minecraft:wheat":7,"minecraft:blue_ice":24,"minecraft:oak_log":111,"minecraft:diorite_wall":5,"minecraft:sand":154,"minecraft:dirt":275,"minecraft:stonecutter":1,"minecraft:netherrack":2376,"minecraft:ancient_debris":37,"minecraft:oak_leaves":7,"minecraft:deepslate":121,"minecraft:nether_gold_ore":44,"minecraft:diamond_ore":2,"minecraft:red_carpet":1,"minecraft:tuff":152,"minecraft:deepslate_diamond_ore":15,"minecraft:nether_bricks":4,"minecraft:spruce_fence":31,"minecraft:crimson_roots":4,"minecraft:spruce_leaves":20,"minecraft:kelp":4,"minecraft:sandstone":17,"minecraft:large_fern":1,"minecraft:hay_block":57,"minecraft:furnace":8,"minecraft:snow":77,"minecraft:andesite":7,"minecraft:stripped_spruce_log":103,"minecraft:gold_block":18,"minecraft:potatoes":22,"minecraft:deepslate_iron_ore":111,"minecraft:packed_ice":72,"minecraft:stone":554,"minecraft:white_wool":9,"minecraft:smithing_table":1,"minecraft:podzol":158,"minecraft:oak_slab":18,"minecraft:glass_pane":2,"minecraft:soul_sand":20,"minecraft:snow_block":9,"minecraft:basalt":9,"minecraft:observer":1,"minecraft:spruce_door":4,"minecraft:oak_fence":36,"minecraft:crafting_table":10,"minecraft:short_grass":34,"minecraft:lectern":5,"minecraft:copper_ore":1,"minecraft:tall_grass":28,"minecraft:lapis_ore":7,"minecraft:polished_blackstone_brick_stairs":2,"minecraft:diorite":12,"minecraft:blue_bed":6,"minecraft:spruce_stairs":7,"minecraft:coarse_dirt":1,"minecraft:stripped_spruce_wood":45,"minecraft:sweet_berry_bush":10,"minecraft:ice":8,"minecraft:spruce_log":196,"minecraft:birch_leaves":1,"minecraft:yellow_bed":1,"minecraft:coal_ore":76,"minecraft:gravel":24,"minecraft:spruce_fence_gate":1,"minecraft:gold_ore":5},"minecraft:used":{"minecraft:iron_shovel":813,"minecraft:spruce_slab":4,"minecraft:chest":33,"minecraft:shield":38,"minecraft:white_terracotta":2,"minecraft:stone":4,"minecraft:iron_sword":126,"minecraft:iron_chestplate":1,"minecraft:nether_bricks":4,"minecraft:snowball":73,"minecraft:obsidian":10,"minecraft:glass":52,"minecraft:lava_bucket":1,"minecraft:netherite_shovel":106,"minecraft:crimson_roots":12,"minecraft:red_carpet":1,"minecraft:oak_sapling":1,"minecraft:furnace":10,"minecraft:potato":38,"minecraft:stripped_spruce_wood":1,"minecraft:diorite":3,"minecraft:spruce_door":1,"minecraft:oak_planks":50,"minecraft:stone_pickaxe":55,"minecraft:wooden_pickaxe":3,"minecraft:sandstone":10,"minecraft:composter":8,"minecraft:sugar_cane":23,"minecraft:blue_bed":6,"minecraft:diamond_axe":215,"minecraft:cookie":8,"minecraft:golden_hoe":12,"minecraft:sand":2,"minecraft:blast_furnace":2,"minecraft:bread":47,"minecraft:lectern":5,"minecraft:gravel":17,"minecraft:diamond_sword":42,"minecraft:smithing_table":2,"minecraft:andesite":1,"minecraft:oak_boat":9,"minecraft:bone_meal":6,"minecraft:stone_sword":152,"minecraft:flint_and_steel":2,"minecraft:redstone":6,"minecraft:spruce_planks":135,"minecraft:cooked_chicken":2,"minecraft:netherrack":345,"minecraft:torch":7,"minecraft:anvil":2,"minecraft:dirt":783,"minecraft:hopper":20,"minecraft:golden_shovel":32,"minecraft:nether_brick_stairs":1,"minecraft:iron_axe":369,"minecraft:iron_boots":1,"minecraft:golden_carrot":4,"minecraft:netherite_pickaxe":767,"minecraft:cobbled_deepslate":8,"minecraft:observer":7,"minecraft:iron_leggings":1,"minecraft:wheat_seeds":7,"minecraft:cooked_mutton":7,"minecraft:water_bucket":26,"minecraft:baked_potato":19,"minecraft:stonecutter":1,"minecraft:fletching_table":8,"minecraft:spruce_fence_gate":4,"minecraft:crafting_table":13,"minecraft:white_bed":6,"minecraft:spruce_log":9,"minecraft:smoker":5,"minecraft:piston":6,"minecraft:wooden_hoe":59,"minecraft:diamond_pickaxe":2954,"minecraft:iron_pickaxe":635,"minecraft:netherite_axe":67,"minecraft:suspicious_stew":2,"minecraft:spruce_sapling":11,"minecraft:stone_axe":32,"minecraft:blue_carpet":1,"minecraft:cobblestone":14,"minecraft:cooked_porkchop":7,"minecraft:bucket":29,"minecraft:kelp":6},"minecraft:broken":{"minecraft:iron_shovel":3,"minecraft:golden_shovel":1,"minecraft:iron_axe":1,"minecraft:iron_pickaxe":1,"minecraft:wooden_hoe":1},"minecraft:custom":{"minecraft:interact_with_crafting_table":99,"minecraft:bell_ring":8,"minecraft:leave_game":6,"minecraft:time_since_death":310592,"minecraft:sprint_one_cm":1182020,"minecraft:damage_blocked_by_shield":1950,"minecraft:drop":171,"minecraft:talked_to_villager":150,"minecraft:play_time":422576,"minecraft:deaths":2,"minecraft:jump":6246,"minecraft:walk_on_water_one_cm":59289,"minecraft:enchant_item":2,"minecraft:interact_with_furnace":158,"minecraft:traded_with_villager":294,"minecraft:sleep_in_bed":23,"minecraft:open_enderchest":1,"minecraft:damage_dealt":15359,"minecraft:crouch_one_cm":273200,"minecraft:interact_with_smoker":30,"minecraft:interact_with_smithing_table":11,"minecraft:interact_with_anvil":18,"minecraft:mob_kills":55,"minecraft:inspect_hopper":21,"minecraft:climb_one_cm":1008,"minecraft:walk_one_cm":858701,"minecraft:sneak_time":72641,"minecraft:walk_under_water_one_cm":25017,"minecraft:boat_one_cm":252319,"minecraft:interact_with_blast_furnace":24,"minecraft:total_world_time":422576,"minecraft:interact_with_stonecutter":1,"minecraft:interact_with_grindstone":1,"minecraft:time_since_rest":441,"minecraft:damage_taken":3395,"minecraft:swim_one_cm":122692,"minecraft:fly_one_cm":1637980,"minecraft:open_chest":240,"minecraft:fall_one_cm":126940},"minecraft:picked_up":{"minecraft:iron_chestplate":2,"minecraft:nether_brick_fence":3,"minecraft:yellow_wool":9,"minecraft:smithing_table":1,"minecraft:diamond_sword":1,"minecraft:oak_stairs":3,"minecraft:polished_blackstone_brick_stairs":2,"minecraft:string":6,"minecraft:raw_copper":11,"minecraft:iron_leggings":1,"minecraft:diamond_leggings":1,"minecraft:gold_nugget":58,"minecraft:cobbled_deepslate":126,"minecraft:spruce_planks":120,"minecraft:redstone_torch":2,"minecraft:deepslate_iron_ore":64,"minecraft:furnace":7,"minecraft:iron_boots":1,"minecraft:tipped_arrow":1,"minecraft:stick":17,"minecraft:composter":10,"minecraft:oak_fence":35,"minecraft:torch":22,"minecraft:spruce_stairs":6,"minecraft:porkchop":7,"minecraft:diorite":14,"minecraft:cauldron":2,"minecraft:stone_sword":4,"minecraft:rotten_flesh":15,"minecraft:white_terracotta":2,"minecraft:blaze_rod":17,"minecraft:obsidian":1,"minecraft:iron_bars":6,"minecraft:snowball":156,"minecraft:cobblestone":245,"minecraft:birch_log":7,"minecraft:feather":3,"minecraft:water_bucket":1,"minecraft:andesite":7,"minecraft:smoker":4,"minecraft:potato":58,"minecraft:flint":2,"minecraft:tuff":66,"minecraft:stripped_spruce_wood":45,"minecraft:dirt":946,"minecraft:lantern":2,"minecraft:glass":3,"minecraft:bone":14,"minecraft:stonecutter":1,"minecraft:bow":1,"minecraft:wheat_seeds":14,"minecraft:raw_gold":5,"minecraft:grindstone":2,"minecraft:fletching_table":6,"minecraft:diamond_helmet":1,"minecraft:oak_planks":37,"minecraft:diorite_wall":15,"minecraft:poisonous_potato":1,"minecraft:sand":152,"minecraft:stripped_spruce_log":103,"minecraft:nether_brick_stairs":1,"minecraft:spruce_fence_gate":3,"minecraft:deepslate":66,"minecraft:diamond":30,"minecraft:cracked_polished_blackstone_bricks":36,"minecraft:crossbow":1,"minecraft:granite":8,"minecraft:bone_meal":3,"minecraft:golden_horse_armor":4,"minecraft:bread":4,"minecraft:oak_sapling":1,"minecraft:netherrack":582,"minecraft:crimson_roots":12,"minecraft:diamond_pickaxe":1,"minecraft:coarse_dirt":1,"minecraft:crafting_table":10,"minecraft:chicken":4,"minecraft:nether_wart":80,"minecraft:wooden_pickaxe":2,"minecraft:gold_block":18,"minecraft:shield":3,"minecraft:iron_axe":1,"minecraft:flint_and_steel":2,"minecraft:blackstone":64,"minecraft:deepslate_diamond_ore":14,"minecraft:beef":12,"minecraft:oak_boat":9,"minecraft:observer":1,"minecraft:poppy":16,"minecraft:spruce_slab":29,"minecraft:lectern":5,"minecraft:chest":16,"minecraft:sugar_cane":37,"minecraft:raw_iron":121,"minecraft:sandstone":16,"minecraft:stone":436,"minecraft:oak_door":1,"minecraft:spruce_fence":31,"minecraft:polished_blackstone_bricks":65,"minecraft:cookie":10,"minecraft:redstone":35,"minecraft:blue_carpet":1,"minecraft:arrow":2,"minecraft:diamond_chestplate":1,"minecraft:nether_bricks":4,"minecraft:diamond_boots":1,"minecraft:hay_block":56,"minecraft:saddle":2,"minecraft:gold_ingot":2,"minecraft:mutton":12,"minecraft:white_wool":14,"minecraft:lapis_ore":7,"minecraft:basalt":9,"minecraft:golden_carrot":7,"minecraft:leather":5,"minecraft:oak_log":125,"minecraft:ancient_debris":36,"minecraft:yellow_bed":1,"minecraft:nether_wart_block":2,"minecraft:wooden_hoe":1,"minecraft:diorite_stairs":5,"minecraft:blue_bed":6,"minecraft:cooked_mutton":8,"minecraft:red_carpet":1,"minecraft:kelp":142,"minecraft:iron_ingot":95,"minecraft:stone_pickaxe":1,"minecraft:iron_ore":13,"minecraft:soul_sand":20,"minecraft:oak_slab":18,"minecraft:pumpkin":4,"minecraft:sweet_berries":24,"minecraft:quartz":97,"minecraft:raw_iron_block":1,"minecraft:gravel":22,"minecraft:lava_bucket":2,"minecraft:spruce_sapling":28,"minecraft:blast_furnace":1,"minecraft:white_bed":7,"minecraft:spruce_log":195,"minecraft:spruce_door":11,"minecraft:spider_eye":1,"minecraft:leather_helmet":1,"minecraft:coal_ore":41,"minecraft:stone_axe":1,"minecraft:iron_helmet":2,"minecraft:diamond_axe":1,"minecraft:coal":74,"minecraft:hopper":10},"minecraft:killed_by":{"minecraft:blaze":1,"minecraft:zombie":1},"minecraft:killed":{"minecraft:spider":3,"minecraft:chicken":1,"minecraft:piglin_brute":1,"minecraft:magma_cube":1,"minecraft:pig":3,"minecraft:iron_golem":7,"minecraft:sheep":5,"minecraft:zombie":10,"minecraft:stray":2,"minecraft:blaze":13,"minecraft:cow":7,"minecraft:hoglin":1,"minecraft:wither_skeleton":1},"minecraft:dropped":{"minecraft:diamond_axe":1,"minecraft:cooked_beef":8,"minecraft:oak_log":14,"minecraft:diamond":29,"minecraft:crossbow":14,"minecraft:netherite_upgrade_smithing_template":49,"minecraft:cookie":2,"minecraft:saddle":1,"minecraft:leather_helmet":2,"minecraft:flint":1,"minecraft:dirt":14,"minecraft:mutton":2,"minecraft:snowball":44,"minecraft:bone_meal":1,"minecraft:bone":11,"minecraft:gold_ingot":4,"minecraft:cobbled_deepslate":121,"minecraft:diorite_stairs":3,"minecraft:rotten_flesh":8,"minecraft:cooked_mutton":2,"minecraft:nether_brick_fence":3,"minecraft:poppy":10,"minecraft:leather_chestplate":1,"minecraft:diorite_wall":10,"minecraft:leather_leggings":1,"minecraft:basalt":9,"minecraft:iron_bars":3,"minecraft:arrow":2,"minecraft:netherrack":103,"minecraft:bread":38,"minecraft:water_bucket":1,"minecraft:iron_ingot":54,"minecraft:golden_horse_armor":1,"minecraft:diamond_leggings":1,"minecraft:poisonous_potato":1,"minecraft:cobblestone":78,"minecraft:spruce_stairs":2,"minecraft:coal":2,"minecraft:stick":6,"minecraft:lava_bucket":2,"minecraft:torch":7,"minecraft:nether_wart_block":2,"minecraft:diamond_helmet":1,"minecraft:iron_axe":1,"minecraft:iron_shovel":2,"minecraft:kelp":111,"minecraft:sweet_berries":12,"minecraft:stone_sword":2,"minecraft:coarse_dirt":1,"minecraft:nether_wart":20,"minecraft:blaze_rod":11,"minecraft:deepslate":2,"minecraft:tuff":2,"minecraft:stone_shovel":12,"minecraft:flint_and_steel":2,"minecraft:diamond_sword":1,"minecraft:shield":1,"minecraft:diamond_chestplate":1,"minecraft:spruce_planks":1,"minecraft:diamond_pickaxe":1,"minecraft:diamond_boots":1,"minecraft:sandstone":2,"minecraft:bow":4,"minecraft:stone_pickaxe":13,"minecraft:wooden_pickaxe":2},"minecraft:crafted":{"minecraft:oak_planks":208,"minecraft:smooth_stone":3,"minecraft:oak_sign":9,"minecraft:blaze_powder":2,"minecraft:cooked_chicken":2,"minecraft:stone":3,"minecraft:cooked_mutton":1,"minecraft:suspicious_stew":2,"minecraft:glass":95,"minecraft:hopper":10,"minecraft:bow":3,"minecraft:diamond_helmet":5,"minecraft:diamond_leggings":5,"minecraft:iron_boots":1,"minecraft:chest":28,"minecraft:netherite_helmet":1,"minecraft:golden_boots":1,"minecraft:smoker":1,"minecraft:emerald":164,"minecraft:cooked_porkchop":6,"minecraft:diamond_axe":6,"minecraft:crafting_table":4,"minecraft:spruce_planks":1972,"minecraft:wooden_pickaxe":1,"minecraft:iron_helmet":1,"minecraft:baked_potato":26,"minecraft:spruce_door":3,"minecraft:chainmail_chestplate":12,"minecraft:smithing_table":1,"minecraft:fletching_table":2,"minecraft:gold_block":13,"minecraft:birch_planks":12,"minecraft:iron_chestplate":12,"minecraft:wooden_hoe":1,"minecraft:diamond_pickaxe":9,"minecraft:charcoal":59,"minecraft:shield":1,"minecraft:stick":3272,"minecraft:iron_ingot":105,"minecraft:iron_pickaxe":4,"minecraft:stone_sword":2,"minecraft:gold_ingot":159,"minecraft:redstone_torch":2,"minecraft:netherite_ingot":9,"minecraft:composter":3,"minecraft:spruce_fence_gate":4,"minecraft:stone_shovel":12,"minecraft:stone_brick_wall":26,"minecraft:furnace":4,"minecraft:blast_furnace":1,"minecraft:piston":6,"minecraft:bone_meal":6,"minecraft:oak_trapdoor":10,"minecraft:flint_and_steel":1,"minecraft:netherite_axe":1,"minecraft:iron_axe":2,"minecraft:ladder":9,"minecraft:spruce_slab":30,"minecraft:stone_pickaxe":14,"minecraft:diamond_boots":5,"minecraft:netherite_scrap":36,"minecraft:chainmail_leggings":12,"minecraft:observer":6,"minecraft:cooked_beef":8,"minecraft:red_dye":3,"minecraft:crossbow":13,"minecraft:netherite_pickaxe":1,"minecraft:diamond_sword":1,"minecraft:iron_sword":1,"minecraft:red_bed":3,"minecraft:golden_shovel":1,"minecraft:bucket":3,"minecraft:stone_axe":3,"minecraft:air":0,"minecraft:bread":72,"minecraft:oak_boat":2,"minecraft:netherite_shovel":1,"minecraft:iron_shovel":8,"minecraft:iron_leggings":2,"minecraft:white_bed":1,"minecraft:torch":16,"minecraft:diamond_chestplate":4}},"DataVersion":3953}