{"stats":{"minecraft:mined":{"minecraft:white_bed":13,"minecraft:brewing_stand":3,"minecraft:obsidian":22,"minecraft:cave_vines_plant":2,"minecraft:granite":10,"minecraft:grass_block":53,"minecraft:brown_wool":3,"minecraft:jungle_log":5,"minecraft:chiseled_tuff_bricks":1,"minecraft:composter":2,"minecraft:tuff_bricks":8,"minecraft:chorus_flower":3,"minecraft:weeping_vines_plant":1,"minecraft:magma_block":4,"minecraft:iron_ore":81,"minecraft:fire":17,"minecraft:cobbled_deepslate":9,"minecraft:pumpkin":11,"minecraft:fletching_table":4,"minecraft:cave_vines":2,"minecraft:kelp_plant":1,"minecraft:crimson_nylium":16,"minecraft:torch":1,"minecraft:melon":1,"minecraft:chest":1,"minecraft:nether_quartz_ore":63,"minecraft:cobblestone":18,"minecraft:oak_planks":9,"minecraft:sugar_cane":15,"minecraft:grindstone":2,"minecraft:wall_torch":4,"minecraft:red_candle":8,"minecraft:birch_log":6,"minecraft:waxed_copper_block":1,"minecraft:oak_log":28,"minecraft:sand":24,"minecraft:dirt":31,"minecraft:ancient_debris":1,"minecraft:netherrack":2684,"minecraft:deepslate":57,"minecraft:oak_leaves":30,"minecraft:nether_gold_ore":1,"minecraft:tuff":2,"minecraft:deepslate_diamond_ore":23,"minecraft:candle":7,"minecraft:oak_door":1,"minecraft:end_stone":117,"minecraft:dark_oak_fence":3,"minecraft:ladder":2,"minecraft:spruce_fence":2,"minecraft:decorated_pot":27,"minecraft:crimson_roots":2,"minecraft:weeping_vines":1,"minecraft:spruce_leaves":310,"minecraft:kelp":1,"minecraft:cartography_table":1,"minecraft:large_fern":4,"minecraft:spruce_sapling":4,"minecraft:furnace":9,"minecraft:waxed_copper_grate":2,"minecraft:andesite":13,"minecraft:stripped_spruce_log":1,"minecraft:bell":8,"minecraft:bookshelf":104,"minecraft:vine":1,"minecraft:deepslate_iron_ore":116,"minecraft:stone":127,"minecraft:podzol":1,"minecraft:waxed_exposed_copper_bulb":1,"minecraft:light_gray_carpet":1,"minecraft:infested_stone_bricks":1,"minecraft:crafting_table":8,"minecraft:short_grass":41,"minecraft:lectern":116,"minecraft:tall_grass":1,"minecraft:waxed_oxidized_copper_grate":4,"minecraft:white_carpet":4,"minecraft:spruce_log":2003,"minecraft:yellow_bed":2,"minecraft:coal_ore":35,"minecraft:cocoa":2,"minecraft:gravel":68,"minecraft:cobweb":8,"minecraft:cracked_stone_bricks":5,"minecraft:stone_bricks":14,"minecraft:mossy_stone_bricks":6,"minecraft:fern":1},"minecraft:killed_by":{"minecraft:pillager":1,"minecraft:witch":2,"minecraft:zombie":4,"minecraft:enderman":1,"minecraft:slime":2,"minecraft:skeleton":13},"minecraft:used":{"minecraft:tuff_bricks":4,"minecraft:iron_shovel":155,"minecraft:spruce_slab":28,"minecraft:ladder":1,"minecraft:shield":117,"minecraft:decorated_pot":4,"minecraft:chest":17,"minecraft:iron_sword":111,"minecraft:bell":7,"minecraft:iron_chestplate":3,"minecraft:mutton":2,"minecraft:carrot":6,"minecraft:waxed_copper_grate":2,"minecraft:obsidian":10,"minecraft:honey_bottle":4,"minecraft:spruce_boat":19,"minecraft:lava_bucket":6,"minecraft:stone_bricks":11,"minecraft:magma_block":3,"minecraft:bow":196,"minecraft:dark_oak_boat":3,"minecraft:ominous_bottle":3,"minecraft:furnace":15,"minecraft:cooked_cod":4,"minecraft:egg":4,"minecraft:diamond_boots":2,"minecraft:mossy_stone_bricks":2,"minecraft:end_rod":1,"minecraft:stone_pickaxe":58,"minecraft:chorus_fruit":8,"minecraft:oak_planks":4,"minecraft:ender_pearl":3,"minecraft:wooden_pickaxe":3,"minecraft:composter":1,"minecraft:diamond_axe":1397,"minecraft:purpur_pillar":1,"minecraft:jungle_boat":1,"minecraft:cookie":1,"minecraft:glow_berries":1,"minecraft:golden_apple":4,"minecraft:sand":8,"minecraft:blast_furnace":1,"minecraft:lingering_potion":2,"minecraft:crossbow":28,"minecraft:end_stone":145,"minecraft:shears":7,"minecraft:mace":14,"minecraft:stone_button":2,"minecraft:string":2,"minecraft:bread":77,"minecraft:brown_wool":4,"minecraft:lectern":118,"minecraft:gravel":37,"minecraft:chiseled_tuff_bricks":1,"minecraft:diamond_sword":972,"minecraft:birch_log":3,"minecraft:grindstone":2,"minecraft:dark_oak_fence":3,"minecraft:oak_boat":21,"minecraft:bone_meal":48,"minecraft:experience_bottle":13,"minecraft:flint_and_steel":54,"minecraft:armor_stand":3,"minecraft:light_gray_carpet":1,"minecraft:cooked_salmon":2,"minecraft:trial_key":8,"minecraft:netherrack":1249,"minecraft:oak_door":3,"minecraft:torch":27,"minecraft:brewing_stand":3,"minecraft:dirt":95,"minecraft:anvil":1,"minecraft:white_carpet":4,"minecraft:granite":9,"minecraft:spruce_fence":17,"minecraft:iron_hoe":252,"minecraft:iron_axe":916,"minecraft:iron_boots":3,"minecraft:diamond_chestplate":2,"minecraft:golden_carrot":74,"minecraft:beef":3,"minecraft:goat_horn":5,"minecraft:cooked_beef":20,"minecraft:cobbled_deepslate":36,"minecraft:iron_leggings":3,"minecraft:cooked_mutton":15,"minecraft:water_bucket":266,"minecraft:glass_bottle":2,"minecraft:baked_potato":5,"minecraft:cartography_table":1,"minecraft:birch_boat":2,"minecraft:fletching_table":7,"minecraft:waxed_copper_block":1,"minecraft:cracked_stone_bricks":4,"minecraft:crafting_table":20,"minecraft:white_bed":16,"minecraft:spruce_log":9,"minecraft:flower_pot":1,"minecraft:diamond_pickaxe":3166,"minecraft:apple":37,"minecraft:ominous_trial_key":5,"minecraft:iron_pickaxe":250,"minecraft:suspicious_stew":3,"minecraft:leather_helmet":1,"minecraft:purpur_slab":1,"minecraft:spruce_sapling":99,"minecraft:stone_axe":86,"minecraft:enchanted_book":1,"minecraft:cobblestone":56,"minecraft:potion":3,"minecraft:porkchop":6,"minecraft:bucket":272,"minecraft:pumpkin_pie":1,"minecraft:yellow_bed":1,"minecraft:diamond_leggings":1,"minecraft:splash_potion":1},"minecraft:custom":{"minecraft:interact_with_crafting_table":82,"minecraft:open_barrel":7,"minecraft:bell_ring":179,"minecraft:leave_game":23,"minecraft:time_since_death":115947,"minecraft:sprint_one_cm":1575496,"minecraft:damage_blocked_by_shield":6579,"minecraft:drop":475,"minecraft:talked_to_villager":372,"minecraft:play_time":707540,"minecraft:deaths":23,"minecraft:jump":13231,"minecraft:interact_with_brewingstand":1,"minecraft:walk_on_water_one_cm":161203,"minecraft:enchant_item":3,"minecraft:interact_with_furnace":80,"minecraft:traded_with_villager":730,"minecraft:interact_with_cartography_table":2,"minecraft:sleep_in_bed":28,"minecraft:open_enderchest":10,"minecraft:damage_dealt":72372,"minecraft:player_kills":1,"minecraft:crouch_one_cm":75219,"minecraft:inspect_dispenser":9,"minecraft:horse_one_cm":165394,"minecraft:interact_with_anvil":21,"minecraft:mob_kills":499,"minecraft:climb_one_cm":9851,"minecraft:walk_one_cm":1690728,"minecraft:sneak_time":26800,"minecraft:walk_under_water_one_cm":142008,"minecraft:boat_one_cm":1163287,"minecraft:total_world_time":707540,"minecraft:interact_with_grindstone":2,"minecraft:time_since_rest":73622,"minecraft:damage_taken":20652,"minecraft:damage_absorbed":160,"minecraft:swim_one_cm":162803,"minecraft:fly_one_cm":2724288,"minecraft:open_chest":342,"minecraft:fall_one_cm":360043},"minecraft:picked_up":{"minecraft:shulker_shell":10,"minecraft:iron_chestplate":4,"minecraft:wheat":125,"minecraft:chainmail_boots":3,"minecraft:flower_pot":1,"minecraft:diamond_sword":16,"minecraft:potion":10,"minecraft:enchanted_book":5,"minecraft:brewing_stand":3,"minecraft:string":102,"minecraft:iron_leggings":5,"minecraft:armor_stand":3,"minecraft:red_candle":56,"minecraft:diamond_leggings":3,"minecraft:cobbled_deepslate":102,"minecraft:comparator":4,"minecraft:bucket":3,"minecraft:trial_key":70,"minecraft:redstone_torch":11,"minecraft:iron_pickaxe":7,"minecraft:melon_slice":6,"minecraft:iron_boots":11,"minecraft:furnace":16,"minecraft:tipped_arrow":75,"minecraft:stick":196,"minecraft:composter":3,"minecraft:torch":26,"minecraft:purpur_pillar":1,"minecraft:porkchop":8,"minecraft:netherite_shovel":1,"minecraft:waxed_copper_grate":2,"minecraft:golden_chestplate":1,"minecraft:goat_horn":3,"minecraft:honey_bottle":1,"minecraft:rotten_flesh":67,"minecraft:glowstone":6,"minecraft:end_rod":1,"minecraft:chorus_flower":3,"minecraft:obsidian":31,"minecraft:cobblestone":280,"minecraft:birch_log":6,"minecraft:magma_block":3,"minecraft:feather":12,"minecraft:cooked_beef":89,"minecraft:golden_leggings":1,"minecraft:repeater":5,"minecraft:iron_door":1,"minecraft:jungle_log":5,"minecraft:water_bucket":11,"minecraft:andesite":15,"minecraft:brown_wool":5,"minecraft:dark_oak_boat":5,"minecraft:flint":8,"minecraft:tuff":2,"minecraft:lapis_lazuli":12,"minecraft:dirt":141,"minecraft:leather_boots":1,"minecraft:bone":402,"minecraft:bow":14,"minecraft:wheat_seeds":12,"minecraft:bell":9,"minecraft:grindstone":2,"minecraft:guster_banner_pattern":2,"minecraft:mossy_stone_bricks":6,"minecraft:fletching_table":4,"minecraft:diamond_helmet":3,"minecraft:glowstone_dust":2,"minecraft:moss_block":5,"minecraft:oak_planks":51,"minecraft:stone_hoe":1,"minecraft:scrape_pottery_sherd":2,"minecraft:sand":23,"minecraft:stripped_spruce_log":1,"minecraft:grass_block":2,"minecraft:sugar":8,"minecraft:diamond":61,"minecraft:spruce_boat":27,"minecraft:waxed_oxidized_copper_grate":2,"minecraft:granite":10,"minecraft:crossbow":17,"minecraft:breeze_rod":27,"minecraft:bone_meal":9,"minecraft:golden_apple":2,"minecraft:emerald":268,"minecraft:golden_horse_armor":5,"minecraft:bread":19,"minecraft:oak_sapling":6,"minecraft:netherrack":2594,"minecraft:light_gray_carpet":1,"minecraft:chorus_fruit":18,"minecraft:dark_oak_fence":3,"minecraft:ominous_trial_key":14,"minecraft:crimson_roots":1,"minecraft:diamond_pickaxe":18,"minecraft:lingering_potion":2,"minecraft:cocoa_beans":15,"minecraft:crafting_table":14,"minecraft:ominous_bottle":5,"minecraft:chicken":3,"minecraft:ladder":1,"minecraft:leather_leggings":2,"minecraft:wooden_pickaxe":2,"minecraft:brick":37,"minecraft:shield":34,"minecraft:wind_charge":4,"minecraft:flow_banner_pattern":1,"minecraft:iron_axe":3,"minecraft:flint_and_steel":3,"minecraft:white_carpet":4,"minecraft:cracked_stone_bricks":10,"minecraft:cartography_table":2,"minecraft:candle":18,"minecraft:beef":46,"minecraft:oak_boat":23,"minecraft:poppy":1,"minecraft:lectern":116,"minecraft:guster_pottery_sherd":1,"minecraft:sugar_cane":30,"minecraft:chest":3,"minecraft:egg":9,"minecraft:raw_iron":246,"minecraft:end_stone":145,"minecraft:stone":94,"minecraft:oak_door":6,"minecraft:spruce_fence":5,"minecraft:mace":6,"minecraft:stone_button":3,"minecraft:cookie":37,"minecraft:carrot":55,"minecraft:redstone":125,"minecraft:prismarine_crystals":3,"minecraft:iron_horse_armor":4,"minecraft:dark_oak_planks":20,"minecraft:tnt":3,"minecraft:arrow":1398,"minecraft:weeping_vines":1,"minecraft:diamond_chestplate":4,"minecraft:decorated_pot":16,"minecraft:diamond_boots":1,"minecraft:purpur_slab":1,"minecraft:saddle":4,"minecraft:flow_armor_trim_smithing_template":2,"minecraft:gold_ingot":1,"minecraft:tuff_bricks":4,"minecraft:glow_berries":1,"minecraft:mutton":29,"minecraft:white_wool":30,"minecraft:bone_block":1,"minecraft:golden_carrot":106,"minecraft:glow_ink_sac":4,"minecraft:leather":29,"minecraft:filled_map":6,"minecraft:chainmail_chestplate":1,"minecraft:oak_log":28,"minecraft:waxed_copper_block":3,"minecraft:lily_pad":1,"minecraft:ancient_debris":1,"minecraft:yellow_bed":1,"minecraft:gunpowder":12,"minecraft:paper":4,"minecraft:white_banner":1,"minecraft:cooked_mutton":9,"minecraft:apple":115,"minecraft:stone_bricks":15,"minecraft:kelp":4,"minecraft:heart_of_the_sea":1,"minecraft:iron_ingot":117,"minecraft:stone_pickaxe":6,"minecraft:cooked_chicken":1,"minecraft:cobweb":7,"minecraft:glass_bottle":1,"minecraft:iron_sword":6,"minecraft:book":267,"minecraft:emerald_block":3,"minecraft:birch_boat":2,"minecraft:pumpkin":35,"minecraft:heavy_core":2,"minecraft:quartz":63,"minecraft:gravel":75,"minecraft:spruce_sapling":98,"minecraft:blast_furnace":2,"minecraft:white_bed":13,"minecraft:spruce_log":1990,"minecraft:spider_eye":7,"minecraft:dragon_egg":1,"minecraft:leather_helmet":3,"minecraft:slime_ball":297,"minecraft:stone_axe":4,"minecraft:chainmail_leggings":22,"minecraft:iron_helmet":1,"minecraft:diamond_axe":8,"minecraft:baked_potato":143,"minecraft:coal":141,"minecraft:chiseled_tuff_bricks":1,"minecraft:ender_pearl":5},"minecraft:broken":{"minecraft:leather_leggings":1,"minecraft:diamond_boots":1,"minecraft:stone_axe":1,"minecraft:iron_hoe":1,"minecraft:leather_helmet":1,"minecraft:shield":1,"minecraft:iron_axe":3,"minecraft:iron_pickaxe":1},"minecraft:killed":{"minecraft:witch":1,"minecraft:spider":12,"minecraft:shulker":14,"minecraft:skeleton":198,"minecraft:chicken":2,"minecraft:silverfish":4,"minecraft:piglin":7,"minecraft:pig":2,"minecraft:zombie_villager":1,"minecraft:iron_golem":1,"minecraft:creeper":16,"minecraft:sheep":12,"minecraft:pillager":26,"minecraft:zombie":62,"minecraft:cow":9,"minecraft:slime":83,"minecraft:horse":2,"minecraft:drowned":2,"minecraft:breeze":8,"minecraft:villager":1,"minecraft:enderman":7},"minecraft:crafted":{"minecraft:smooth_stone":3,"minecraft:oak_planks":112,"minecraft:dark_oak_boat":2,"minecraft:birch_boat":1,"minecraft:stone":3,"minecraft:bookshelf":2,"minecraft:cooked_mutton":17,"minecraft:suspicious_stew":7,"minecraft:mace":2,"minecraft:diamond_helmet":4,"minecraft:bow":2,"minecraft:diamond_leggings":2,"minecraft:iron_boots":11,"minecraft:chest":16,"minecraft:arrow":240,"minecraft:emerald":559,"minecraft:diamond_axe":2,"minecraft:crafting_table":14,"minecraft:spruce_planks":7872,"minecraft:jungle_boat":1,"minecraft:wooden_pickaxe":1,"minecraft:iron_helmet":1,"minecraft:fletching_table":3,"minecraft:birch_planks":12,"minecraft:cartography_table":1,"minecraft:apple":4,"minecraft:lectern":2,"minecraft:iron_chestplate":1,"minecraft:book":5,"minecraft:paper":24,"minecraft:diamond_pickaxe":1,"minecraft:shield":18,"minecraft:stick":15908,"minecraft:iron_ingot":179,"minecraft:iron_pickaxe":1,"minecraft:iron_block":3,"minecraft:shears":1,"minecraft:golden_carrot":60,"minecraft:redstone":20,"minecraft:experience_bottle":12,"minecraft:furnace":7,"minecraft:blast_furnace":1,"minecraft:bone_meal":69,"minecraft:spruce_fence":12,"minecraft:flint_and_steel":2,"minecraft:iron_axe":14,"minecraft:iron_hoe":1,"minecraft:spruce_slab":42,"minecraft:ender_pearl":3,"minecraft:stone_pickaxe":1,"minecraft:diamond_boots":2,"minecraft:spruce_boat":2,"minecraft:dark_oak_planks":20,"minecraft:chainmail_leggings":12,"minecraft:cooked_beef":12,"minecraft:sugar":5,"minecraft:diamond_sword":2,"minecraft:enchanting_table":1,"minecraft:iron_sword":1,"minecraft:leather_helmet":1,"minecraft:stone_axe":1,"minecraft:glowstone":18,"minecraft:enchanted_book":3,"minecraft:bread":132,"minecraft:air":0,"minecraft:jungle_planks":12,"minecraft:oak_boat":3,"minecraft:iron_shovel":1,"minecraft:iron_leggings":1,"minecraft:anvil":1,"minecraft:white_bed":3,"minecraft:pumpkin_pie":1,"minecraft:torch":8,"minecraft:lapis_lazuli":12,"minecraft:diamond_chestplate":6},"minecraft:dropped":{"minecraft:birch_planks":3,"minecraft:cooked_beef":2,"minecraft:chorus_fruit":7,"minecraft:ender_pearl":3,"minecraft:glass_bottle":4,"minecraft:crafting_table":2,"minecraft:weeping_vines":1,"minecraft:jungle_planks":2,"minecraft:cracked_stone_bricks":1,"minecraft:dragon_breath":1,"minecraft:leather_helmet":1,"minecraft:emerald":1,"minecraft:dirt":27,"minecraft:crimson_roots":1,"minecraft:bone_meal":9,"minecraft:sand":5,"minecraft:sugar":4,"minecraft:bone":12,"minecraft:oak_door":3,"minecraft:gravel":35,"minecraft:goat_horn":3,"minecraft:sugar_cane":1,"minecraft:golden_chestplate":1,"minecraft:cobbled_deepslate":3,"minecraft:obsidian":1,"minecraft:rotten_flesh":54,"minecraft:netherite_shovel":1,"minecraft:glowstone_dust":1,"minecraft:carrot":5,"minecraft:chainmail_chestplate":1,"minecraft:poppy":1,"minecraft:gunpowder":8,"minecraft:leather_boots":1,"minecraft:chainmail_boots":3,"minecraft:chest":1,"minecraft:leather_leggings":1,"minecraft:spruce_slab":36,"minecraft:arrow":107,"minecraft:quartz":63,"minecraft:netherrack":245,"minecraft:enchanted_book":1,"minecraft:iron_ingot":72,"minecraft:bread":69,"minecraft:wheat_seeds":8,"minecraft:feather":4,"minecraft:cobblestone":33,"minecraft:granite":1,"minecraft:stick":7,"minecraft:torch":1,"minecraft:repeater":5,"minecraft:pumpkin":10,"minecraft:iron_axe":3,"minecraft:chainmail_leggings":10,"minecraft:string":83,"minecraft:lily_pad":1,"minecraft:redstone":100,"minecraft:tuff":2,"minecraft:chicken":3,"minecraft:comparator":4,"minecraft:suspicious_stew":1,"minecraft:flint_and_steel":1,"minecraft:diamond_sword":2,"minecraft:stone":94,"minecraft:shield":4,"minecraft:diamond_chestplate":1,"minecraft:spruce_planks":1,"minecraft:andesite":2,"minecraft:mossy_stone_bricks":4,"minecraft:golden_leggings":1,"minecraft:oak_sapling":4,"minecraft:redstone_torch":11,"minecraft:spider_eye":6,"minecraft:stone_bricks":4,"minecraft:bow":4,"minecraft:stone_pickaxe":2,"minecraft:wooden_pickaxe":2,"minecraft:waxed_oxidized_copper_grate":2}},"DataVersion":3953}