{"stats":{"minecraft:crafted":{"minecraft:oak_planks":100,"minecraft:smooth_stone":3,"minecraft:dark_oak_boat":2,"minecraft:stone":3,"minecraft:bookshelf":1,"minecraft:cooked_mutton":17,"minecraft:suspicious_stew":7,"minecraft:diamond_helmet":1,"minecraft:bow":1,"minecraft:diamond_leggings":1,"minecraft:iron_boots":11,"minecraft:chest":12,"minecraft:arrow":240,"minecraft:emerald":303,"minecraft:diamond_axe":2,"minecraft:crafting_table":9,"minecraft:spruce_planks":4480,"minecraft:wooden_pickaxe":1,"minecraft:iron_helmet":1,"minecraft:fletching_table":3,"minecraft:cartography_table":1,"minecraft:apple":4,"minecraft:lectern":1,"minecraft:iron_chestplate":1,"minecraft:book":5,"minecraft:paper":24,"minecraft:diamond_pickaxe":1,"minecraft:shield":18,"minecraft:stick":8764,"minecraft:iron_ingot":179,"minecraft:iron_pickaxe":1,"minecraft:iron_block":3,"minecraft:golden_carrot":6,"minecraft:redstone":20,"minecraft:furnace":7,"minecraft:blast_furnace":1,"minecraft:bone_meal":9,"minecraft:spruce_fence":12,"minecraft:flint_and_steel":2,"minecraft:iron_axe":14,"minecraft:iron_hoe":1,"minecraft:spruce_slab":6,"minecraft:stone_pickaxe":1,"minecraft:diamond_boots":1,"minecraft:dark_oak_planks":20,"minecraft:chainmail_leggings":12,"minecraft:cooked_beef":12,"minecraft:sugar":5,"minecraft:diamond_sword":2,"minecraft:enchanting_table":1,"minecraft:iron_sword":1,"minecraft:leather_helmet":1,"minecraft:stone_axe":1,"minecraft:glowstone":6,"minecraft:enchanted_book":1,"minecraft:bread":114,"minecraft:air":0,"minecraft:oak_boat":2,"minecraft:iron_shovel":1,"minecraft:iron_leggings":1,"minecraft:anvil":1,"minecraft:white_bed":3,"minecraft:pumpkin_pie":1,"minecraft:torch":8,"minecraft:lapis_lazuli":12,"minecraft:diamond_chestplate":1},"minecraft:used":{"minecraft:iron_shovel":153,"minecraft:chest":13,"minecraft:shield":55,"minecraft:iron_sword":111,"minecraft:bell":6,"minecraft:iron_chestplate":3,"minecraft:mutton":2,"minecraft:obsidian":10,"minecraft:lava_bucket":6,"minecraft:magma_block":3,"minecraft:bow":68,"minecraft:dark_oak_boat":3,"minecraft:furnace":15,"minecraft:egg":2,"minecraft:diamond_boots":1,"minecraft:stone_pickaxe":58,"minecraft:oak_planks":4,"minecraft:wooden_pickaxe":3,"minecraft:composter":1,"minecraft:diamond_axe":319,"minecraft:cookie":1,"minecraft:golden_apple":2,"minecraft:sand":8,"minecraft:blast_furnace":1,"minecraft:crossbow":22,"minecraft:brown_wool":4,"minecraft:bread":47,"minecraft:string":2,"minecraft:lectern":48,"minecraft:gravel":37,"minecraft:diamond_sword":232,"minecraft:grindstone":2,"minecraft:dark_oak_fence":3,"minecraft:birch_log":3,"minecraft:oak_boat":15,"minecraft:bone_meal":9,"minecraft:flint_and_steel":1,"minecraft:cooked_salmon":2,"minecraft:netherrack":86,"minecraft:torch":27,"minecraft:brewing_stand":3,"minecraft:dirt":95,"minecraft:anvil":1,"minecraft:spruce_fence":17,"minecraft:granite":8,"minecraft:iron_hoe":252,"minecraft:iron_axe":916,"minecraft:iron_boots":3,"minecraft:golden_carrot":1,"minecraft:beef":3,"minecraft:goat_horn":5,"minecraft:cooked_beef":10,"minecraft:cobbled_deepslate":36,"minecraft:iron_leggings":3,"minecraft:cooked_mutton":15,"minecraft:water_bucket":87,"minecraft:cartography_table":1,"minecraft:fletching_table":7,"minecraft:crafting_table":15,"minecraft:white_bed":13,"minecraft:spruce_log":7,"minecraft:diamond_pickaxe":394,"minecraft:apple":31,"minecraft:iron_pickaxe":250,"minecraft:suspicious_stew":3,"minecraft:leather_helmet":1,"minecraft:spruce_sapling":84,"minecraft:stone_axe":86,"minecraft:cobblestone":34,"minecraft:porkchop":6,"minecraft:bucket":92,"minecraft:yellow_bed":1,"minecraft:pumpkin_pie":1},"minecraft:custom":{"minecraft:interact_with_crafting_table":61,"minecraft:bell_ring":179,"minecraft:leave_game":9,"minecraft:time_since_death":213274,"minecraft:sprint_one_cm":616656,"minecraft:damage_blocked_by_shield":2973,"minecraft:drop":208,"minecraft:talked_to_villager":195,"minecraft:play_time":308638,"minecraft:deaths":7,"minecraft:jump":5955,"minecraft:interact_with_brewingstand":1,"minecraft:walk_on_water_one_cm":70619,"minecraft:interact_with_furnace":76,"minecraft:traded_with_villager":431,"minecraft:interact_with_cartography_table":2,"minecraft:sleep_in_bed":17,"minecraft:damage_dealt":22663,"minecraft:crouch_one_cm":21526,"minecraft:horse_one_cm":165086,"minecraft:mob_kills":170,"minecraft:interact_with_anvil":3,"minecraft:climb_one_cm":578,"minecraft:walk_one_cm":645643,"minecraft:sneak_time":12712,"minecraft:walk_under_water_one_cm":72380,"minecraft:boat_one_cm":161914,"minecraft:total_world_time":308638,"minecraft:interact_with_grindstone":2,"minecraft:time_since_rest":11686,"minecraft:damage_taken":6988,"minecraft:damage_absorbed":81,"minecraft:swim_one_cm":102498,"minecraft:fly_one_cm":1051497,"minecraft:open_chest":180,"minecraft:fall_one_cm":150198},"minecraft:broken":{"minecraft:leather_leggings":1,"minecraft:stone_axe":1,"minecraft:iron_hoe":1,"minecraft:leather_helmet":1,"minecraft:shield":1,"minecraft:iron_axe":3,"minecraft:iron_pickaxe":1},"minecraft:dropped":{"minecraft:cooked_beef":2,"minecraft:crafting_table":2,"minecraft:weeping_vines":1,"minecraft:dirt":27,"minecraft:crimson_roots":1,"minecraft:sand":5,"minecraft:sugar":4,"minecraft:bone":2,"minecraft:oak_door":3,"minecraft:gravel":33,"minecraft:goat_horn":3,"minecraft:sugar_cane":1,"minecraft:cobbled_deepslate":3,"minecraft:rotten_flesh":32,"minecraft:glowstone_dust":1,"minecraft:chainmail_chestplate":1,"minecraft:poppy":1,"minecraft:gunpowder":8,"minecraft:chest":1,"minecraft:arrow":77,"minecraft:quartz":16,"minecraft:netherrack":118,"minecraft:iron_ingot":1,"minecraft:bread":64,"minecraft:wheat_seeds":6,"minecraft:feather":4,"minecraft:cobblestone":3,"minecraft:stick":2,"minecraft:pumpkin":10,"minecraft:iron_axe":1,"minecraft:chainmail_leggings":10,"minecraft:string":10,"minecraft:redstone":5,"minecraft:tuff":2,"minecraft:chicken":3,"minecraft:diamond_sword":1,"minecraft:spruce_planks":1,"minecraft:andesite":1,"minecraft:oak_sapling":4,"minecraft:spider_eye":6,"minecraft:stone_pickaxe":2,"minecraft:wooden_pickaxe":2},"minecraft:killed_by":{"minecraft:pillager":1,"minecraft:witch":2,"minecraft:zombie":3,"minecraft:skeleton":1},"minecraft:killed":{"minecraft:witch":1,"minecraft:spider":12,"minecraft:skeleton":24,"minecraft:chicken":2,"minecraft:pig":2,"minecraft:zombie_villager":1,"minecraft:iron_golem":1,"minecraft:creeper":16,"minecraft:sheep":12,"minecraft:pillager":19,"minecraft:zombie":45,"minecraft:cow":9,"minecraft:slime":15,"minecraft:horse":2,"minecraft:drowned":2,"minecraft:villager":1},"minecraft:picked_up":{"minecraft:iron_chestplate":4,"minecraft:wheat":125,"minecraft:diamond_sword":5,"minecraft:potion":1,"minecraft:brewing_stand":3,"minecraft:string":28,"minecraft:iron_leggings":5,"minecraft:cobbled_deepslate":102,"minecraft:bucket":1,"minecraft:iron_pickaxe":7,"minecraft:iron_boots":11,"minecraft:furnace":16,"minecraft:stick":187,"minecraft:composter":3,"minecraft:torch":25,"minecraft:porkchop":8,"minecraft:goat_horn":3,"minecraft:rotten_flesh":41,"minecraft:glowstone":6,"minecraft:obsidian":14,"minecraft:cobblestone":235,"minecraft:birch_log":3,"minecraft:magma_block":3,"minecraft:feather":12,"minecraft:cooked_beef":19,"minecraft:water_bucket":4,"minecraft:andesite":13,"minecraft:brown_wool":5,"minecraft:dark_oak_boat":5,"minecraft:flint":8,"minecraft:tuff":2,"minecraft:lapis_lazuli":12,"minecraft:dirt":141,"minecraft:bone":30,"minecraft:wheat_seeds":10,"minecraft:bell":8,"minecraft:grindstone":2,"minecraft:fletching_table":4,"minecraft:glowstone_dust":2,"minecraft:moss_block":5,"minecraft:stone_hoe":1,"minecraft:oak_planks":51,"minecraft:sand":23,"minecraft:grass_block":2,"minecraft:sugar":8,"minecraft:diamond":48,"minecraft:crossbow":8,"minecraft:granite":8,"minecraft:bread":7,"minecraft:golden_horse_armor":5,"minecraft:emerald":5,"minecraft:oak_sapling":6,"minecraft:netherrack":204,"minecraft:dark_oak_fence":3,"minecraft:crimson_roots":1,"minecraft:crafting_table":14,"minecraft:ominous_bottle":3,"minecraft:chicken":3,"minecraft:leather_leggings":1,"minecraft:wooden_pickaxe":2,"minecraft:shield":20,"minecraft:flint_and_steel":2,"minecraft:cartography_table":2,"minecraft:beef":46,"minecraft:oak_boat":18,"minecraft:poppy":1,"minecraft:lectern":47,"minecraft:sugar_cane":30,"minecraft:chest":3,"minecraft:egg":7,"minecraft:raw_iron":246,"minecraft:oak_door":3,"minecraft:spruce_fence":5,"minecraft:cookie":37,"minecraft:carrot":20,"minecraft:redstone":30,"minecraft:prismarine_crystals":3,"minecraft:iron_horse_armor":4,"minecraft:dark_oak_planks":20,"minecraft:tnt":3,"minecraft:weeping_vines":1,"minecraft:arrow":298,"minecraft:saddle":4,"minecraft:gold_ingot":1,"minecraft:mutton":29,"minecraft:white_wool":30,"minecraft:glow_ink_sac":4,"minecraft:leather":29,"minecraft:filled_map":6,"minecraft:oak_log":25,"minecraft:chainmail_chestplate":1,"minecraft:yellow_bed":1,"minecraft:gunpowder":12,"minecraft:paper":4,"minecraft:white_banner":1,"minecraft:cooked_mutton":9,"minecraft:apple":115,"minecraft:kelp":4,"minecraft:heart_of_the_sea":1,"minecraft:iron_ingot":39,"minecraft:stone_pickaxe":6,"minecraft:iron_sword":6,"minecraft:pumpkin":35,"minecraft:quartz":16,"minecraft:gravel":70,"minecraft:spruce_sapling":84,"minecraft:blast_furnace":2,"minecraft:white_bed":10,"minecraft:spruce_log":1127,"minecraft:spider_eye":7,"minecraft:leather_helmet":2,"minecraft:slime_ball":10,"minecraft:stone_axe":4,"minecraft:chainmail_leggings":22,"minecraft:iron_helmet":1,"minecraft:coal":141,"minecraft:ender_pearl":2},"minecraft:mined":{"minecraft:white_bed":10,"minecraft:brewing_stand":3,"minecraft:obsidian":14,"minecraft:granite":8,"minecraft:grass_block":53,"minecraft:brown_wool":3,"minecraft:composter":2,"minecraft:weeping_vines_plant":1,"minecraft:magma_block":4,"minecraft:iron_ore":81,"minecraft:cobbled_deepslate":5,"minecraft:pumpkin":11,"minecraft:fletching_table":4,"minecraft:kelp_plant":1,"minecraft:crimson_nylium":4,"minecraft:torch":1,"minecraft:chest":1,"minecraft:nether_quartz_ore":16,"minecraft:cobblestone":12,"minecraft:grindstone":2,"minecraft:sugar_cane":15,"minecraft:oak_planks":8,"minecraft:wall_torch":4,"minecraft:birch_log":3,"minecraft:oak_log":25,"minecraft:sand":24,"minecraft:dirt":29,"minecraft:netherrack":206,"minecraft:oak_leaves":30,"minecraft:deepslate":50,"minecraft:tuff":1,"minecraft:deepslate_diamond_ore":23,"minecraft:oak_door":1,"minecraft:dark_oak_fence":3,"minecraft:spruce_fence":2,"minecraft:crimson_roots":1,"minecraft:weeping_vines":1,"minecraft:spruce_leaves":293,"minecraft:cartography_table":1,"minecraft:kelp":1,"minecraft:spruce_sapling":4,"minecraft:furnace":9,"minecraft:andesite":13,"minecraft:bell":7,"minecraft:deepslate_iron_ore":116,"minecraft:stone":85,"minecraft:crafting_table":8,"minecraft:short_grass":33,"minecraft:lectern":47,"minecraft:tall_grass":1,"minecraft:spruce_log":1133,"minecraft:yellow_bed":2,"minecraft:coal_ore":35,"minecraft:gravel":68,"minecraft:fern":1}},"DataVersion":3953}