{"stats":{"minecraft:crafted":{"minecraft:smooth_stone":3,"minecraft:oak_planks":100,"minecraft:dark_oak_boat":2,"minecraft:birch_boat":1,"minecraft:stone":3,"minecraft:bookshelf":2,"minecraft:cooked_mutton":17,"minecraft:suspicious_stew":7,"minecraft:mace":2,"minecraft:diamond_helmet":4,"minecraft:bow":2,"minecraft:diamond_leggings":2,"minecraft:iron_boots":11,"minecraft:chest":12,"minecraft:arrow":240,"minecraft:emerald":559,"minecraft:diamond_axe":2,"minecraft:crafting_table":11,"minecraft:spruce_planks":7824,"minecraft:wooden_pickaxe":1,"minecraft:iron_helmet":1,"minecraft:fletching_table":3,"minecraft:birch_planks":12,"minecraft:cartography_table":1,"minecraft:apple":4,"minecraft:lectern":2,"minecraft:iron_chestplate":1,"minecraft:book":5,"minecraft:paper":24,"minecraft:diamond_pickaxe":1,"minecraft:shield":18,"minecraft:stick":15908,"minecraft:iron_ingot":179,"minecraft:iron_pickaxe":1,"minecraft:iron_block":3,"minecraft:shears":1,"minecraft:golden_carrot":60,"minecraft:redstone":20,"minecraft:furnace":7,"minecraft:blast_furnace":1,"minecraft:bone_meal":69,"minecraft:spruce_fence":12,"minecraft:flint_and_steel":2,"minecraft:iron_axe":14,"minecraft:iron_hoe":1,"minecraft:spruce_slab":42,"minecraft:ender_pearl":3,"minecraft:stone_pickaxe":1,"minecraft:diamond_boots":1,"minecraft:spruce_boat":1,"minecraft:dark_oak_planks":20,"minecraft:chainmail_leggings":12,"minecraft:cooked_beef":12,"minecraft:sugar":5,"minecraft:diamond_sword":2,"minecraft:enchanting_table":1,"minecraft:iron_sword":1,"minecraft:leather_helmet":1,"minecraft:stone_axe":1,"minecraft:glowstone":6,"minecraft:enchanted_book":2,"minecraft:bread":132,"minecraft:air":0,"minecraft:oak_boat":2,"minecraft:iron_shovel":1,"minecraft:iron_leggings":1,"minecraft:anvil":1,"minecraft:white_bed":3,"minecraft:pumpkin_pie":1,"minecraft:torch":8,"minecraft:lapis_lazuli":12,"minecraft:diamond_chestplate":4},"minecraft:used":{"minecraft:tuff_bricks":3,"minecraft:iron_shovel":155,"minecraft:spruce_slab":28,"minecraft:ladder":1,"minecraft:shield":79,"minecraft:decorated_pot":2,"minecraft:chest":13,"minecraft:iron_sword":111,"minecraft:bell":6,"minecraft:iron_chestplate":3,"minecraft:mutton":2,"minecraft:waxed_copper_grate":2,"minecraft:obsidian":10,"minecraft:honey_bottle":4,"minecraft:spruce_boat":16,"minecraft:lava_bucket":6,"minecraft:stone_bricks":10,"minecraft:magma_block":3,"minecraft:bow":185,"minecraft:dark_oak_boat":3,"minecraft:ominous_bottle":3,"minecraft:furnace":15,"minecraft:cooked_cod":4,"minecraft:egg":3,"minecraft:mossy_stone_bricks":1,"minecraft:diamond_boots":2,"minecraft:end_rod":1,"minecraft:stone_pickaxe":58,"minecraft:chorus_fruit":8,"minecraft:oak_planks":4,"minecraft:ender_pearl":3,"minecraft:wooden_pickaxe":3,"minecraft:composter":1,"minecraft:diamond_axe":1374,"minecraft:purpur_pillar":1,"minecraft:cookie":1,"minecraft:golden_apple":4,"minecraft:glow_berries":1,"minecraft:sand":8,"minecraft:blast_furnace":1,"minecraft:crossbow":25,"minecraft:end_stone":133,"minecraft:shears":7,"minecraft:mace":6,"minecraft:stone_button":1,"minecraft:string":2,"minecraft:bread":76,"minecraft:brown_wool":4,"minecraft:lectern":118,"minecraft:gravel":37,"minecraft:chiseled_tuff_bricks":1,"minecraft:diamond_sword":833,"minecraft:grindstone":2,"minecraft:dark_oak_fence":3,"minecraft:birch_log":3,"minecraft:oak_boat":15,"minecraft:bone_meal":48,"minecraft:experience_bottle":1,"minecraft:flint_and_steel":54,"minecraft:armor_stand":3,"minecraft:light_gray_carpet":1,"minecraft:cooked_salmon":2,"minecraft:trial_key":5,"minecraft:netherrack":86,"minecraft:oak_door":3,"minecraft:torch":27,"minecraft:brewing_stand":3,"minecraft:dirt":95,"minecraft:anvil":1,"minecraft:white_carpet":4,"minecraft:granite":9,"minecraft:spruce_fence":17,"minecraft:iron_hoe":252,"minecraft:iron_axe":916,"minecraft:iron_boots":3,"minecraft:diamond_chestplate":1,"minecraft:golden_carrot":55,"minecraft:beef":3,"minecraft:goat_horn":5,"minecraft:cooked_beef":10,"minecraft:cobbled_deepslate":36,"minecraft:iron_leggings":3,"minecraft:cooked_mutton":15,"minecraft:water_bucket":244,"minecraft:glass_bottle":2,"minecraft:cartography_table":1,"minecraft:birch_boat":2,"minecraft:fletching_table":7,"minecraft:cracked_stone_bricks":3,"minecraft:crafting_table":17,"minecraft:white_bed":13,"minecraft:spruce_log":9,"minecraft:flower_pot":1,"minecraft:diamond_pickaxe":575,"minecraft:apple":37,"minecraft:ominous_trial_key":4,"minecraft:iron_pickaxe":250,"minecraft:suspicious_stew":3,"minecraft:leather_helmet":1,"minecraft:purpur_slab":1,"minecraft:spruce_sapling":98,"minecraft:stone_axe":86,"minecraft:enchanted_book":1,"minecraft:cobblestone":54,"minecraft:potion":1,"minecraft:porkchop":6,"minecraft:bucket":250,"minecraft:pumpkin_pie":1,"minecraft:yellow_bed":1,"minecraft:splash_potion":1},"minecraft:custom":{"minecraft:interact_with_crafting_table":74,"minecraft:open_barrel":3,"minecraft:bell_ring":179,"minecraft:leave_game":16,"minecraft:time_since_death":35632,"minecraft:sprint_one_cm":1258862,"minecraft:damage_blocked_by_shield":4718,"minecraft:drop":290,"minecraft:talked_to_villager":360,"minecraft:play_time":557171,"minecraft:deaths":8,"minecraft:jump":10994,"minecraft:interact_with_brewingstand":1,"minecraft:walk_on_water_one_cm":140213,"minecraft:enchant_item":3,"minecraft:interact_with_furnace":80,"minecraft:traded_with_villager":702,"minecraft:interact_with_cartography_table":2,"minecraft:sleep_in_bed":24,"minecraft:open_enderchest":8,"minecraft:damage_dealt":60385,"minecraft:crouch_one_cm":50314,"minecraft:inspect_dispenser":2,"minecraft:horse_one_cm":165394,"minecraft:interact_with_anvil":17,"minecraft:mob_kills":415,"minecraft:climb_one_cm":5415,"minecraft:walk_one_cm":1208177,"minecraft:sneak_time":21247,"minecraft:walk_under_water_one_cm":132694,"minecraft:boat_one_cm":718562,"minecraft:total_world_time":557171,"minecraft:interact_with_grindstone":2,"minecraft:time_since_rest":35673,"minecraft:damage_taken":13626,"minecraft:damage_absorbed":160,"minecraft:swim_one_cm":132183,"minecraft:fly_one_cm":2333980,"minecraft:open_chest":288,"minecraft:fall_one_cm":291620},"minecraft:broken":{"minecraft:leather_leggings":1,"minecraft:stone_axe":1,"minecraft:iron_hoe":1,"minecraft:leather_helmet":1,"minecraft:shield":1,"minecraft:iron_axe":3,"minecraft:iron_pickaxe":1},"minecraft:dropped":{"minecraft:birch_planks":3,"minecraft:cooked_beef":2,"minecraft:chorus_fruit":7,"minecraft:ender_pearl":3,"minecraft:glass_bottle":1,"minecraft:crafting_table":2,"minecraft:weeping_vines":1,"minecraft:dragon_breath":1,"minecraft:emerald":1,"minecraft:dirt":27,"minecraft:crimson_roots":1,"minecraft:bone_meal":9,"minecraft:sand":5,"minecraft:sugar":4,"minecraft:bone":6,"minecraft:oak_door":3,"minecraft:gravel":33,"minecraft:goat_horn":3,"minecraft:sugar_cane":1,"minecraft:golden_chestplate":1,"minecraft:cobbled_deepslate":3,"minecraft:obsidian":1,"minecraft:rotten_flesh":39,"minecraft:glowstone_dust":1,"minecraft:carrot":5,"minecraft:chainmail_chestplate":1,"minecraft:poppy":1,"minecraft:gunpowder":8,"minecraft:leather_boots":1,"minecraft:chainmail_boots":1,"minecraft:chest":1,"minecraft:leather_leggings":1,"minecraft:spruce_slab":36,"minecraft:arrow":106,"minecraft:quartz":16,"minecraft:netherrack":118,"minecraft:enchanted_book":1,"minecraft:iron_ingot":5,"minecraft:bread":69,"minecraft:wheat_seeds":8,"minecraft:feather":4,"minecraft:cobblestone":23,"minecraft:granite":1,"minecraft:stick":6,"minecraft:torch":1,"minecraft:pumpkin":10,"minecraft:iron_axe":2,"minecraft:chainmail_leggings":10,"minecraft:string":10,"minecraft:lily_pad":1,"minecraft:redstone":5,"minecraft:tuff":2,"minecraft:chicken":3,"minecraft:suspicious_stew":1,"minecraft:flint_and_steel":1,"minecraft:diamond_sword":2,"minecraft:shield":4,"minecraft:diamond_chestplate":1,"minecraft:spruce_planks":1,"minecraft:andesite":2,"minecraft:mossy_stone_bricks":2,"minecraft:golden_leggings":1,"minecraft:oak_sapling":4,"minecraft:spider_eye":6,"minecraft:stone_bricks":2,"minecraft:bow":1,"minecraft:stone_pickaxe":2,"minecraft:wooden_pickaxe":2},"minecraft:killed_by":{"minecraft:pillager":1,"minecraft:witch":2,"minecraft:zombie":4,"minecraft:skeleton":1},"minecraft:killed":{"minecraft:witch":1,"minecraft:spider":12,"minecraft:shulker":14,"minecraft:skeleton":161,"minecraft:chicken":2,"minecraft:silverfish":3,"minecraft:pig":2,"minecraft:zombie_villager":1,"minecraft:iron_golem":1,"minecraft:creeper":16,"minecraft:sheep":12,"minecraft:pillager":25,"minecraft:zombie":51,"minecraft:cow":9,"minecraft:slime":65,"minecraft:horse":2,"minecraft:drowned":2,"minecraft:breeze":6,"minecraft:villager":1,"minecraft:enderman":7},"minecraft:picked_up":{"minecraft:shulker_shell":10,"minecraft:iron_chestplate":4,"minecraft:wheat":125,"minecraft:chainmail_boots":1,"minecraft:flower_pot":1,"minecraft:diamond_sword":7,"minecraft:potion":3,"minecraft:enchanted_book":5,"minecraft:brewing_stand":3,"minecraft:string":29,"minecraft:iron_leggings":5,"minecraft:armor_stand":3,"minecraft:diamond_leggings":1,"minecraft:cobbled_deepslate":102,"minecraft:bucket":2,"minecraft:trial_key":17,"minecraft:iron_pickaxe":7,"minecraft:furnace":16,"minecraft:iron_boots":11,"minecraft:tipped_arrow":66,"minecraft:stick":195,"minecraft:composter":3,"minecraft:torch":26,"minecraft:purpur_pillar":1,"minecraft:porkchop":8,"minecraft:waxed_copper_grate":2,"minecraft:golden_chestplate":1,"minecraft:goat_horn":3,"minecraft:honey_bottle":1,"minecraft:rotten_flesh":52,"minecraft:glowstone":6,"minecraft:end_rod":1,"minecraft:chorus_flower":3,"minecraft:obsidian":15,"minecraft:cobblestone":263,"minecraft:birch_log":6,"minecraft:magma_block":3,"minecraft:feather":12,"minecraft:cooked_beef":31,"minecraft:iron_door":1,"minecraft:water_bucket":4,"minecraft:andesite":15,"minecraft:dark_oak_boat":5,"minecraft:brown_wool":5,"minecraft:golden_leggings":1,"minecraft:flint":8,"minecraft:tuff":2,"minecraft:lapis_lazuli":12,"minecraft:dirt":141,"minecraft:leather_boots":1,"minecraft:bone":221,"minecraft:bow":5,"minecraft:wheat_seeds":12,"minecraft:bell":8,"minecraft:grindstone":2,"minecraft:guster_banner_pattern":2,"minecraft:mossy_stone_bricks":5,"minecraft:fletching_table":4,"minecraft:diamond_helmet":1,"minecraft:glowstone_dust":2,"minecraft:moss_block":5,"minecraft:stone_hoe":1,"minecraft:oak_planks":51,"minecraft:scrape_pottery_sherd":2,"minecraft:sand":23,"minecraft:stripped_spruce_log":1,"minecraft:grass_block":2,"minecraft:sugar":8,"minecraft:diamond":58,"minecraft:spruce_boat":17,"minecraft:granite":10,"minecraft:crossbow":10,"minecraft:breeze_rod":15,"minecraft:bone_meal":9,"minecraft:golden_apple":2,"minecraft:emerald":58,"minecraft:golden_horse_armor":5,"minecraft:bread":12,"minecraft:netherrack":204,"minecraft:oak_sapling":6,"minecraft:light_gray_carpet":1,"minecraft:chorus_fruit":18,"minecraft:dark_oak_fence":3,"minecraft:ominous_trial_key":5,"minecraft:crimson_roots":1,"minecraft:diamond_pickaxe":2,"minecraft:crafting_table":14,"minecraft:ominous_bottle":5,"minecraft:chicken":3,"minecraft:ladder":1,"minecraft:leather_leggings":2,"minecraft:wooden_pickaxe":2,"minecraft:brick":37,"minecraft:shield":26,"minecraft:wind_charge":3,"minecraft:iron_axe":1,"minecraft:flint_and_steel":3,"minecraft:white_carpet":4,"minecraft:cracked_stone_bricks":4,"minecraft:cartography_table":2,"minecraft:beef":46,"minecraft:oak_boat":18,"minecraft:poppy":1,"minecraft:lectern":116,"minecraft:guster_pottery_sherd":1,"minecraft:sugar_cane":30,"minecraft:chest":3,"minecraft:egg":8,"minecraft:raw_iron":246,"minecraft:end_stone":133,"minecraft:oak_door":6,"minecraft:spruce_fence":5,"minecraft:stone_button":2,"minecraft:cookie":37,"minecraft:carrot":30,"minecraft:redstone":30,"minecraft:prismarine_crystals":3,"minecraft:iron_horse_armor":4,"minecraft:dark_oak_planks":20,"minecraft:tnt":3,"minecraft:arrow":578,"minecraft:weeping_vines":1,"minecraft:diamond_chestplate":2,"minecraft:decorated_pot":2,"minecraft:diamond_boots":1,"minecraft:purpur_slab":1,"minecraft:saddle":4,"minecraft:flow_armor_trim_smithing_template":2,"minecraft:gold_ingot":1,"minecraft:tuff_bricks":3,"minecraft:glow_berries":1,"minecraft:mutton":29,"minecraft:bone_block":1,"minecraft:white_wool":30,"minecraft:golden_carrot":29,"minecraft:glow_ink_sac":4,"minecraft:leather":29,"minecraft:filled_map":6,"minecraft:oak_log":25,"minecraft:chainmail_chestplate":1,"minecraft:lily_pad":1,"minecraft:yellow_bed":1,"minecraft:gunpowder":12,"minecraft:paper":4,"minecraft:white_banner":1,"minecraft:cooked_mutton":9,"minecraft:apple":115,"minecraft:stone_bricks":12,"minecraft:kelp":4,"minecraft:heart_of_the_sea":1,"minecraft:iron_ingot":50,"minecraft:stone_pickaxe":6,"minecraft:cooked_chicken":1,"minecraft:cobweb":7,"minecraft:iron_sword":6,"minecraft:book":267,"minecraft:emerald_block":3,"minecraft:birch_boat":2,"minecraft:pumpkin":35,"minecraft:heavy_core":2,"minecraft:quartz":16,"minecraft:gravel":73,"minecraft:spruce_sapling":97,"minecraft:blast_furnace":2,"minecraft:white_bed":10,"minecraft:spruce_log":1978,"minecraft:spider_eye":7,"minecraft:dragon_egg":1,"minecraft:leather_helmet":2,"minecraft:slime_ball":91,"minecraft:stone_axe":4,"minecraft:chainmail_leggings":22,"minecraft:iron_helmet":1,"minecraft:diamond_axe":1,"minecraft:baked_potato":14,"minecraft:chiseled_tuff_bricks":1,"minecraft:coal":141,"minecraft:ender_pearl":5},"minecraft:mined":{"minecraft:white_bed":10,"minecraft:brewing_stand":3,"minecraft:obsidian":14,"minecraft:cave_vines_plant":1,"minecraft:granite":10,"minecraft:grass_block":53,"minecraft:brown_wool":3,"minecraft:chiseled_tuff_bricks":1,"minecraft:composter":2,"minecraft:tuff_bricks":7,"minecraft:chorus_flower":3,"minecraft:weeping_vines_plant":1,"minecraft:magma_block":4,"minecraft:iron_ore":81,"minecraft:cobbled_deepslate":5,"minecraft:fire":11,"minecraft:pumpkin":11,"minecraft:fletching_table":4,"minecraft:kelp_plant":1,"minecraft:crimson_nylium":4,"minecraft:torch":1,"minecraft:chest":1,"minecraft:nether_quartz_ore":16,"minecraft:cobblestone":16,"minecraft:oak_planks":9,"minecraft:sugar_cane":15,"minecraft:grindstone":2,"minecraft:wall_torch":4,"minecraft:birch_log":6,"minecraft:oak_log":25,"minecraft:sand":24,"minecraft:dirt":31,"minecraft:netherrack":206,"minecraft:deepslate":52,"minecraft:oak_leaves":30,"minecraft:tuff":2,"minecraft:deepslate_diamond_ore":23,"minecraft:oak_door":1,"minecraft:end_stone":105,"minecraft:dark_oak_fence":3,"minecraft:ladder":2,"minecraft:spruce_fence":2,"minecraft:decorated_pot":13,"minecraft:crimson_roots":1,"minecraft:weeping_vines":1,"minecraft:spruce_leaves":308,"minecraft:kelp":1,"minecraft:cartography_table":1,"minecraft:large_fern":4,"minecraft:spruce_sapling":4,"minecraft:furnace":9,"minecraft:waxed_copper_grate":2,"minecraft:andesite":13,"minecraft:stripped_spruce_log":1,"minecraft:bell":7,"minecraft:bookshelf":104,"minecraft:deepslate_iron_ore":116,"minecraft:stone":119,"minecraft:podzol":1,"minecraft:waxed_exposed_copper_bulb":1,"minecraft:light_gray_carpet":1,"minecraft:infested_stone_bricks":1,"minecraft:crafting_table":8,"minecraft:short_grass":35,"minecraft:lectern":116,"minecraft:tall_grass":1,"minecraft:white_carpet":4,"minecraft:spruce_log":1991,"minecraft:yellow_bed":2,"minecraft:coal_ore":35,"minecraft:gravel":68,"minecraft:cobweb":8,"minecraft:cracked_stone_bricks":4,"minecraft:stone_bricks":11,"minecraft:mossy_stone_bricks":5,"minecraft:fern":1}},"DataVersion":3953}