{"stats":{"minecraft:used":{"minecraft:chest":3,"minecraft:shield":31,"minecraft:iron_sword":111,"minecraft:bell":6,"minecraft:iron_chestplate":3,"minecraft:torch":11,"minecraft:brewing_stand":2,"minecraft:dirt":19,"minecraft:mutton":2,"minecraft:lava_bucket":2,"minecraft:iron_boots":2,"minecraft:magma_block":2,"minecraft:beef":3,"minecraft:dark_oak_boat":3,"minecraft:goat_horn":5,"minecraft:furnace":7,"minecraft:cooked_beef":10,"minecraft:cobbled_deepslate":11,"minecraft:iron_leggings":1,"minecraft:cooked_mutton":15,"minecraft:stone_pickaxe":58,"minecraft:oak_planks":4,"minecraft:wooden_pickaxe":3,"minecraft:composter":1,"minecraft:cookie":1,"minecraft:golden_apple":1,"minecraft:crafting_table":9,"minecraft:crossbow":12,"minecraft:white_bed":10,"minecraft:apple":8,"minecraft:bread":2,"minecraft:brown_wool":4,"minecraft:iron_pickaxe":87,"minecraft:leather_helmet":1,"minecraft:stone_axe":81,"minecraft:diamond_sword":38,"minecraft:cobblestone":6,"minecraft:porkchop":6,"minecraft:dark_oak_fence":3,"minecraft:bucket":2,"minecraft:birch_log":3,"minecraft:yellow_bed":1,"minecraft:oak_boat":14},"minecraft:broken":{"minecraft:leather_helmet":1,"minecraft:leather_leggings":1},"minecraft:picked_up":{"minecraft:crafting_table":7,"minecraft:iron_chestplate":3,"minecraft:wheat":117,"minecraft:ominous_bottle":2,"minecraft:chicken":3,"minecraft:leather_leggings":1,"minecraft:diamond_sword":2,"minecraft:wooden_pickaxe":2,"minecraft:brewing_stand":3,"minecraft:shield":5,"minecraft:string":10,"minecraft:iron_leggings":2,"minecraft:cobbled_deepslate":62,"minecraft:bucket":1,"minecraft:beef":41,"minecraft:oak_boat":16,"minecraft:poppy":1,"minecraft:iron_pickaxe":4,"minecraft:furnace":12,"minecraft:iron_boots":1,"minecraft:egg":2,"minecraft:stick":30,"minecraft:raw_iron":87,"minecraft:oak_door":3,"minecraft:composter":2,"minecraft:torch":22,"minecraft:porkchop":8,"minecraft:cookie":37,"minecraft:carrot":20,"minecraft:iron_horse_armor":1,"minecraft:goat_horn":3,"minecraft:dark_oak_planks":20,"minecraft:arrow":25,"minecraft:rotten_flesh":11,"minecraft:saddle":1,"minecraft:mutton":29,"minecraft:white_wool":28,"minecraft:cobblestone":103,"minecraft:birch_log":3,"minecraft:magma_block":2,"minecraft:feather":6,"minecraft:cooked_beef":19,"minecraft:water_bucket":1,"minecraft:brown_wool":5,"minecraft:leather":24,"minecraft:dark_oak_boat":3,"minecraft:filled_map":1,"minecraft:flint":1,"minecraft:tuff":2,"minecraft:oak_log":22,"minecraft:yellow_bed":1,"minecraft:gunpowder":4,"minecraft:dirt":40,"minecraft:white_banner":1,"minecraft:cooked_mutton":9,"minecraft:bone":12,"minecraft:apple":36,"minecraft:kelp":4,"minecraft:wheat_seeds":4,"minecraft:bell":7,"minecraft:grindstone":1,"minecraft:iron_ingot":8,"minecraft:stone_pickaxe":4,"minecraft:moss_block":1,"minecraft:stone_hoe":1,"minecraft:iron_sword":3,"minecraft:oak_planks":44,"minecraft:pumpkin":2,"minecraft:gravel":11,"minecraft:blast_furnace":2,"minecraft:white_bed":9,"minecraft:spider_eye":2,"minecraft:leather_helmet":2,"minecraft:diamond":11,"minecraft:stone_axe":3,"minecraft:iron_helmet":1,"minecraft:crossbow":3,"minecraft:golden_horse_armor":1,"minecraft:bread":1,"minecraft:oak_sapling":4,"minecraft:dark_oak_fence":3,"minecraft:coal":108},"minecraft:killed":{"minecraft:spider":3,"minecraft:skeleton":5,"minecraft:chicken":2,"minecraft:pig":2,"minecraft:zombie_villager":1,"minecraft:iron_golem":1,"minecraft:creeper":5,"minecraft:sheep":12,"minecraft:pillager":19,"minecraft:zombie":14,"minecraft:villager":1,"minecraft:cow":7},"minecraft:killed_by":{"minecraft:pillager":1,"minecraft:zombie":2},"minecraft:custom":{"minecraft:mob_kills":75,"minecraft:interact_with_crafting_table":23,"minecraft:bell_ring":172,"minecraft:leave_game":2,"minecraft:time_since_death":9883,"minecraft:climb_one_cm":578,"minecraft:sprint_one_cm":213867,"minecraft:walk_one_cm":234980,"minecraft:damage_blocked_by_shield":1668,"minecraft:drop":54,"minecraft:talked_to_villager":12,"minecraft:play_time":90663,"minecraft:deaths":3,"minecraft:sneak_time":2206,"minecraft:walk_under_water_one_cm":19031,"minecraft:boat_one_cm":109457,"minecraft:jump":1912,"minecraft:walk_on_water_one_cm":21369,"minecraft:total_world_time":90663,"minecraft:interact_with_furnace":43,"minecraft:traded_with_villager":2,"minecraft:sleep_in_bed":5,"minecraft:time_since_rest":9910,"minecraft:damage_taken":3380,"minecraft:damage_absorbed":41,"minecraft:damage_dealt":11177,"minecraft:swim_one_cm":26727,"minecraft:fly_one_cm":368376,"minecraft:open_chest":28,"minecraft:crouch_one_cm":2561,"minecraft:fall_one_cm":42859},"minecraft:dropped":{"minecraft:iron_ingot":1,"minecraft:wheat_seeds":4,"minecraft:cooked_beef":2,"minecraft:cobblestone":3,"minecraft:dirt":6,"minecraft:string":2,"minecraft:oak_door":3,"minecraft:gravel":11,"minecraft:goat_horn":3,"minecraft:cobbled_deepslate":3,"minecraft:tuff":2,"minecraft:chicken":3,"minecraft:rotten_flesh":11,"minecraft:diamond_sword":1,"minecraft:poppy":1,"minecraft:gunpowder":3,"minecraft:oak_sapling":4,"minecraft:spider_eye":2,"minecraft:wooden_pickaxe":2,"minecraft:stone_pickaxe":1},"minecraft:crafted":{"minecraft:oak_planks":88,"minecraft:dark_oak_boat":2,"minecraft:furnace":2,"minecraft:cooked_mutton":17,"minecraft:flint_and_steel":1,"minecraft:iron_boots":1,"minecraft:stone_pickaxe":1,"minecraft:chest":3,"minecraft:dark_oak_planks":20,"minecraft:cooked_beef":12,"minecraft:diamond_sword":2,"minecraft:arrow":16,"minecraft:emerald":1,"minecraft:crafting_table":5,"minecraft:wooden_pickaxe":1,"minecraft:iron_sword":1,"minecraft:leather_helmet":1,"minecraft:stone_axe":1,"minecraft:air":0,"minecraft:oak_boat":1,"minecraft:iron_chestplate":1,"minecraft:shield":3,"minecraft:stick":52,"minecraft:iron_ingot":20,"minecraft:iron_pickaxe":1,"minecraft:iron_leggings":1,"minecraft:white_bed":1,"minecraft:torch":8},"minecraft:mined":{"minecraft:tuff":1,"minecraft:white_bed":9,"minecraft:deepslate_diamond_ore":9,"minecraft:oak_door":1,"minecraft:brewing_stand":3,"minecraft:dark_oak_fence":3,"minecraft:grass_block":5,"minecraft:brown_wool":3,"minecraft:kelp":1,"minecraft:composter":2,"minecraft:magma_block":2,"minecraft:furnace":5,"minecraft:iron_ore":13,"minecraft:cobbled_deepslate":3,"minecraft:pumpkin":1,"minecraft:bell":7,"minecraft:deepslate_iron_ore":25,"minecraft:stone":20,"minecraft:kelp_plant":1,"minecraft:crafting_table":6,"minecraft:torch":1,"minecraft:short_grass":15,"minecraft:cobblestone":7,"minecraft:grindstone":1,"minecraft:oak_planks":2,"minecraft:wall_torch":4,"minecraft:birch_log":3,"minecraft:yellow_bed":2,"minecraft:oak_log":22,"minecraft:coal_ore":26,"minecraft:dirt":9,"minecraft:oak_leaves":1,"minecraft:deepslate":18}},"DataVersion":3953}